2026-08-25 22:46:53.712250: I tensorflow/core/util/port.cc:153] oneDNN custom operations are on. You may see slightly different numerical results due to floating-point round-off errors from different computation orders. To turn them off, set the environment variable `TF_ENABLE_ONEDNN_OPTS=0`.
2026-08-25 22:47:03.269905: I tensorflow/core/util/port.cc:153] oneDNN custom operations are on. You may see slightly different numerical results due to floating-point round-off errors from different computation orders. To turn them off, set the environment variable `TF_ENABLE_ONEDNN_OPTS=0`.
2026-08-25 22:50:02.257475: I tensorflow/core/platform/cpu_feature_guard.cc:210] This TensorFlow binary is optimized to use available CPU instructions in performance-critical operations.
To enable the following instructions: SSE3 SSE4.1 SSE4.2 AVX AVX2 AVX_VNNI FMA, in other operations, rebuild TensorFlow with the appropriate compiler flags.
Loading and cleaning CICIDS2017 traffic data...
Dropped 308381 exact-duplicate rows (10.9% of loaded data).
Capping windows to 50000 per class (sampled at window level, not row level)...
Fitting imputer and scaler on training windows...
Training sequence Autoencoder anomaly detector...
Epoch 1/12
2026-08-25 22:50:11.099761: E tensorflow/core/util/util.cc:131] oneDNN supports DT_INT32 only on platforms with AVX-512. Falling back to the default Eigen-based implementation if present.

[1m  1/128[0m [37m====================[0m [1m18:29[0m 9s/step - loss: 1.0950
[1m  2/128[0m [37m====================[0m [1m9s[0m 77ms/step - loss: 1.0444 
[1m  3/128[0m [37m====================[0m [1m8s[0m 72ms/step - loss: 0.9914
[1m  4/128[0m [37m====================[0m [1m8s[0m 71ms/step - loss: 0.9488
[1m  5/128[0m [37m====================[0m [1m8s[0m 70ms/step - loss: 0.9218
[1m  6/128[0m [37m====================[0m [1m8s[0m 69ms/step - loss: 0.8984
[1m  7/128[0m [32m=[0m[37m===================[0m [1m8s[0m 68ms/step - loss: 0.8813
[1m  8/128[0m [32m=[0m[37m===================[0m [1m8s[0m 68ms/step - loss: 0.8670
[1m  9/128[0m [32m=[0m[37m===================[0m [1m8s[0m 69ms/step - loss: 0.8538
[1m 10/128[0m [32m=[0m[37m===================[0m [1m8s[0m 69ms/step - loss: 0.8415
[1m 11/128[0m [32m=[0m[37m===================[0m [1m8s[0m 69ms/step - loss: 0.8302
[1m 12/128[0m [32m=[0m[37m===================[0m [1m8s[0m 69ms/step - loss: 0.8200
[1m 13/128[0m [32m==[0m[37m==================[0m [1m7s[0m 69ms/step - loss: 0.8116
[1m 14/128[0m [32m==[0m[37m==================[0m [1m7s[0m 69ms/step - loss: 0.8034
[1m 15/128[0m [32m==[0m[37m==================[0m [1m7s[0m 69ms/step - loss: 0.7959
[1m 16/128[0m [32m==[0m[37m==================[0m [1m7s[0m 69ms/step - loss: 0.7888
[1m 17/128[0m [32m==[0m[37m==================[0m [1m7s[0m 69ms/step - loss: 0.7827
[1m 18/128[0m [32m==[0m[37m==================[0m [1m7s[0m 69ms/step - loss: 0.7881
[1m 19/128[0m [32m==[0m[37m==================[0m [1m7s[0m 70ms/step - loss: 0.7922
[1m 20/128[0m [32m===[0m[37m=================[0m [1m7s[0m 70ms/step - loss: 0.7955
[1m 21/128[0m [32m===[0m[37m=================[0m [1m7s[0m 70ms/step - loss: 0.7977
[1m 22/128[0m [32m===[0m[37m=================[0m [1m7s[0m 70ms/step - loss: 0.7992
[1m 23/128[0m [32m===[0m[37m=================[0m [1m7s[0m 70ms/step - loss: 0.8002
[1m 24/128[0m [32m===[0m[37m=================[0m [1m7s[0m 71ms/step - loss: 0.8006
[1m 25/128[0m [32m===[0m[37m=================[0m [1m7s[0m 71ms/step - loss: 0.8007
[1m 26/128[0m [32m====[0m[37m================[0m [1m7s[0m 71ms/step - loss: 0.8004
[1m 27/128[0m [32m====[0m[37m================[0m [1m7s[0m 71ms/step - loss: 0.7999
[1m 28/128[0m [32m====[0m[37m================[0m [1m7s[0m 71ms/step - loss: 0.7992
[1m 29/128[0m [32m====[0m[37m================[0m [1m7s[0m 71ms/step - loss: 0.7982
[1m 30/128[0m [32m====[0m[37m================[0m [1m6s[0m 71ms/step - loss: 0.7977
[1m 31/128[0m [32m====[0m[37m================[0m [1m6s[0m 71ms/step - loss: 0.7970
[1m 32/128[0m [32m=====[0m[37m===============[0m [1m6s[0m 71ms/step - loss: 0.7964
[1m 33/128[0m [32m=====[0m[37m===============[0m [1m6s[0m 71ms/step - loss: 0.7956
[1m 34/128[0m [32m=====[0m[37m===============[0m [1m6s[0m 71ms/step - loss: 0.7946
[1m 35/128[0m [32m=====[0m[37m===============[0m [1m6s[0m 71ms/step - loss: 0.7937
[1m 36/128[0m [32m=====[0m[37m===============[0m [1m6s[0m 71ms/step - loss: 0.7927
[1m 37/128[0m [32m=====[0m[37m===============[0m [1m6s[0m 71ms/step - loss: 0.7916
[1m 38/128[0m [32m=====[0m[37m===============[0m [1m6s[0m 72ms/step - loss: 0.7944
[1m 39/128[0m [32m======[0m[37m==============[0m [1m6s[0m 72ms/step - loss: 0.7969
[1m 40/128[0m [32m======[0m[37m==============[0m [1m6s[0m 72ms/step - loss: 0.7990
[1m 41/128[0m [32m======[0m[37m==============[0m [1m6s[0m 72ms/step - loss: 0.8010
[1m 42/128[0m [32m======[0m[37m==============[0m [1m6s[0m 73ms/step - loss: 0.8047
[1m 43/128[0m [32m======[0m[37m==============[0m [1m6s[0m 73ms/step - loss: 0.8081
[1m 44/128[0m [32m======[0m[37m==============[0m [1m6s[0m 73ms/step - loss: 0.8110
[1m 45/128[0m [32m=======[0m[37m=============[0m [1m6s[0m 73ms/step - loss: 0.8136
[1m 46/128[0m [32m=======[0m[37m=============[0m [1m6s[0m 73ms/step - loss: 0.8160
[1m 47/128[0m [32m=======[0m[37m=============[0m [1m5s[0m 73ms/step - loss: 0.8180
[1m 48/128[0m [32m=======[0m[37m=============[0m [1m5s[0m 73ms/step - loss: 0.8199
[1m 49/128[0m [32m=======[0m[37m=============[0m [1m5s[0m 73ms/step - loss: 0.8217
[1m 50/128[0m [32m=======[0m[37m=============[0m [1m5s[0m 73ms/step - loss: 0.8233
[1m 51/128[0m [32m=======[0m[37m=============[0m [1m5s[0m 73ms/step - loss: 0.8248
[1m 52/128[0m [32m========[0m[37m============[0m [1m5s[0m 74ms/step - loss: 0.8261
[1m 53/128[0m [32m========[0m[37m============[0m [1m5s[0m 74ms/step - loss: 0.8273
[1m 54/128[0m [32m========[0m[37m============[0m [1m5s[0m 74ms/step - loss: 0.8283
[1m 55/128[0m [32m========[0m[37m============[0m [1m5s[0m 74ms/step - loss: 0.8291
[1m 56/128[0m [32m========[0m[37m============[0m [1m5s[0m 74ms/step - loss: 0.8298
[1m 57/128[0m [32m========[0m[37m============[0m [1m5s[0m 75ms/step - loss: 0.8307
[1m 58/128[0m [32m=========[0m[37m===========[0m [1m5s[0m 75ms/step - loss: 0.8316
[1m 59/128[0m [32m=========[0m[37m===========[0m [1m5s[0m 75ms/step - loss: 0.8322
[1m 60/128[0m [32m=========[0m[37m===========[0m [1m5s[0m 75ms/step - loss: 0.8328
[1m 61/128[0m [32m=========[0m[37m===========[0m [1m5s[0m 75ms/step - loss: 0.8333
[1m 62/128[0m [32m=========[0m[37m===========[0m [1m4s[0m 75ms/step - loss: 0.8336
[1m 63/128[0m [32m=========[0m[37m===========[0m [1m4s[0m 75ms/step - loss: 0.8339
[1m 64/128[0m [32m==========[0m[37m==========[0m [1m4s[0m 75ms/step - loss: 0.8341
[1m 65/128[0m [32m==========[0m[37m==========[0m [1m4s[0m 75ms/step - loss: 0.8343
[1m 66/128[0m [32m==========[0m[37m==========[0m [1m4s[0m 75ms/step - loss: 0.8345
[1m 67/128[0m [32m==========[0m[37m==========[0m [1m4s[0m 75ms/step - loss: 0.8346
[1m 68/128[0m [32m==========[0m[37m==========[0m [1m4s[0m 75ms/step - loss: 0.8347
[1m 69/128[0m [32m==========[0m[37m==========[0m [1m4s[0m 75ms/step - loss: 0.8346
[1m 70/128[0m [32m==========[0m[37m==========[0m [1m4s[0m 75ms/step - loss: 0.8345
[1m 71/128[0m [32m===========[0m[37m=========[0m [1m4s[0m 75ms/step - loss: 0.8344
[1m 72/128[0m [32m===========[0m[37m=========[0m [1m4s[0m 75ms/step - loss: 0.8342
[1m 73/128[0m [32m===========[0m[37m=========[0m [1m4s[0m 76ms/step - loss: 0.8339
[1m 74/128[0m [32m===========[0m[37m=========[0m [1m4s[0m 75ms/step - loss: 0.8337
[1m 75/128[0m [32m===========[0m[37m=========[0m [1m4s[0m 76ms/step - loss: 0.8334
[1m 76/128[0m [32m===========[0m[37m=========[0m [1m3s[0m 76ms/step - loss: 0.8331
[1m 77/128[0m [32m============[0m[37m========[0m [1m3s[0m 76ms/step - loss: 0.8329
[1m 78/128[0m [32m============[0m[37m========[0m [1m3s[0m 76ms/step - loss: 0.8327
[1m 79/128[0m [32m============[0m[37m========[0m [1m3s[0m 76ms/step - loss: 0.8324
[1m 80/128[0m [32m============[0m[37m========[0m [1m3s[0m 76ms/step - loss: 0.8321
[1m 81/128[0m [32m============[0m[37m========[0m [1m3s[0m 76ms/step - loss: 0.8326
[1m 82/128[0m [32m============[0m[37m========[0m [1m3s[0m 76ms/step - loss: 0.8331
[1m 83/128[0m [32m============[0m[37m========[0m [1m3s[0m 76ms/step - loss: 0.8335
[1m 84/128[0m [32m=============[0m[37m=======[0m [1m3s[0m 76ms/step - loss: 0.8343
[1m 85/128[0m [32m=============[0m[37m=======[0m [1m3s[0m 76ms/step - loss: 0.8350
[1m 86/128[0m [32m=============[0m[37m=======[0m [1m3s[0m 76ms/step - loss: 0.8356
[1m 87/128[0m [32m=============[0m[37m=======[0m [1m3s[0m 76ms/step - loss: 0.8363
[1m 88/128[0m [32m=============[0m[37m=======[0m [1m3s[0m 76ms/step - loss: 0.8368
[1m 89/128[0m [32m=============[0m[37m=======[0m [1m2s[0m 76ms/step - loss: 0.8373
[1m 90/128[0m [32m==============[0m[37m======[0m [1m2s[0m 76ms/step - loss: 0.8377
[1m 91/128[0m [32m==============[0m[37m======[0m [1m2s[0m 76ms/step - loss: 0.8386
[1m 92/128[0m [32m==============[0m[37m======[0m [1m2s[0m 76ms/step - loss: 0.8395
[1m 93/128[0m [32m==============[0m[37m======[0m [1m2s[0m 76ms/step - loss: 0.8402
[1m 94/128[0m [32m==============[0m[37m======[0m [1m2s[0m 76ms/step - loss: 0.8410
[1m 95/128[0m [32m==============[0m[37m======[0m [1m2s[0m 76ms/step - loss: 0.8416
[1m 96/128[0m [32m===============[0m[37m=====[0m [1m2s[0m 77ms/step - loss: 0.8427
[1m 97/128[0m [32m===============[0m[37m=====[0m [1m2s[0m 77ms/step - loss: 0.8439
[1m 98/128[0m [32m===============[0m[37m=====[0m [1m2s[0m 77ms/step - loss: 0.8450
[1m 99/128[0m [32m===============[0m[37m=====[0m [1m2s[0m 77ms/step - loss: 0.8460
[1m100/128[0m [32m===============[0m[37m=====[0m [1m2s[0m 77ms/step - loss: 0.8470
[1m101/128[0m [32m===============[0m[37m=====[0m [1m2s[0m 77ms/step - loss: 0.8479
[1m102/128[0m [32m===============[0m[37m=====[0m [1m1s[0m 76ms/step - loss: 0.8488
[1m103/128[0m [32m================[0m[37m====[0m [1m1s[0m 76ms/step - loss: 0.8496
[1m104/128[0m [32m================[0m[37m====[0m [1m1s[0m 77ms/step - loss: 0.8503
[1m105/128[0m [32m================[0m[37m====[0m [1m1s[0m 77ms/step - loss: 0.8511
[1m106/128[0m [32m================[0m[37m====[0m [1m1s[0m 76ms/step - loss: 0.8519
[1m107/128[0m [32m================[0m[37m====[0m [1m1s[0m 77ms/step - loss: 0.8527
[1m108/128[0m [32m================[0m[37m====[0m [1m1s[0m 76ms/step - loss: 0.8535
[1m109/128[0m [32m=================[0m[37m===[0m [1m1s[0m 77ms/step - loss: 0.8542
[1m110/128[0m [32m=================[0m[37m===[0m [1m1s[0m 77ms/step - loss: 0.8549
[1m111/128[0m [32m=================[0m[37m===[0m [1m1s[0m 77ms/step - loss: 0.8556
[1m112/128[0m [32m=================[0m[37m===[0m [1m1s[0m 77ms/step - loss: 0.8564
[1m113/128[0m [32m=================[0m[37m===[0m [1m1s[0m 77ms/step - loss: 0.8572
[1m114/128[0m [32m=================[0m[37m===[0m [1m1s[0m 77ms/step - loss: 0.8579
[1m115/128[0m [32m=================[0m[37m===[0m [1m0s[0m 77ms/step - loss: 0.8586
[1m116/128[0m [32m==================[0m[37m==[0m [1m0s[0m 77ms/step - loss: 0.8592
[1m117/128[0m [32m==================[0m[37m==[0m [1m0s[0m 77ms/step - loss: 0.8598
[1m118/128[0m [32m==================[0m[37m==[0m [1m0s[0m 77ms/step - loss: 0.8603
[1m119/128[0m [32m==================[0m[37m==[0m [1m0s[0m 77ms/step - loss: 0.8609
[1m120/128[0m [32m==================[0m[37m==[0m [1m0s[0m 77ms/step - loss: 0.8614
[1m121/128[0m [32m==================[0m[37m==[0m [1m0s[0m 77ms/step - loss: 0.8619
[1m122/128[0m [32m===================[0m[37m=[0m [1m0s[0m 77ms/step - loss: 0.8623
[1m123/128[0m [32m===================[0m[37m=[0m [1m0s[0m 77ms/step - loss: 0.8628
[1m124/128[0m [32m===================[0m[37m=[0m [1m0s[0m 77ms/step - loss: 0.8632
[1m125/128[0m [32m===================[0m[37m=[0m [1m0s[0m 77ms/step - loss: 0.8635
[1m126/128[0m [32m===================[0m[37m=[0m [1m0s[0m 77ms/step - loss: 0.8641
[1m127/128[0m [32m===================[0m[37m=[0m [1m0s[0m 77ms/step - loss: 0.8647
[1m128/128[0m [32m====================[0m[37m[0m [1m0s[0m 77ms/step - loss: 0.8652
[1m128/128[0m [32m====================[0m[37m[0m [1m21s[0m 98ms/step - loss: 0.9344 - val_loss: 0.9533
Epoch 2/12

[1m  1/128[0m [37m====================[0m [1m18s[0m 147ms/step - loss: 0.4935
[1m  2/128[0m [37m====================[0m [1m7s[0m 60ms/step - loss: 0.5021  
[1m  3/128[0m [37m====================[0m [1m7s[0m 57ms/step - loss: 0.5151
[1m  5/128[0m [37m====================[0m [1m6s[0m 54ms/step - loss: 0.5567
[1m  7/128[0m [32m=[0m[37m===================[0m [1m6s[0m 52ms/step - loss: 0.5840
[1m  9/128[0m [32m=[0m[37m===================[0m [1m6s[0m 51ms/step - loss: 0.7396
[1m 11/128[0m [32m=[0m[37m===================[0m [1m5s[0m 50ms/step - loss: 0.8105
[1m 13/128[0m [32m==[0m[37m==================[0m [1m5s[0m 50ms/step - loss: 0.8449
[1m 15/128[0m [32m==[0m[37m==================[0m [1m5s[0m 49ms/step - loss: 0.8589
[1m 17/128[0m [32m==[0m[37m==================[0m [1m5s[0m 49ms/step - loss: 0.8658
[1m 18/128[0m [32m==[0m[37m==================[0m [1m5s[0m 49ms/step - loss: 0.8670
[1m 20/128[0m [32m===[0m[37m=================[0m [1m5s[0m 49ms/step - loss: 0.8753
[1m 22/128[0m [32m===[0m[37m=================[0m [1m5s[0m 48ms/step - loss: 0.8865
[1m 24/128[0m [32m===[0m[37m=================[0m [1m4s[0m 48ms/step - loss: 0.8925
[1m 26/128[0m [32m====[0m[37m================[0m [1m4s[0m 47ms/step - loss: 0.9047
[1m 28/128[0m [32m====[0m[37m================[0m [1m4s[0m 47ms/step - loss: 0.9126
[1m 30/128[0m [32m====[0m[37m================[0m [1m4s[0m 47ms/step - loss: 0.9176
[1m 32/128[0m [32m=====[0m[37m===============[0m [1m4s[0m 47ms/step - loss: 0.9203
[1m 34/128[0m [32m=====[0m[37m===============[0m [1m4s[0m 46ms/step - loss: 0.9213
[1m 36/128[0m [32m=====[0m[37m===============[0m [1m4s[0m 46ms/step - loss: 0.9240
[1m 38/128[0m [32m=====[0m[37m===============[0m [1m4s[0m 46ms/step - loss: 0.9251
[1m 40/128[0m [32m======[0m[37m==============[0m [1m4s[0m 46ms/step - loss: 0.9316
[1m 42/128[0m [32m======[0m[37m==============[0m [1m3s[0m 46ms/step - loss: 0.9423
[1m 43/128[0m [32m======[0m[37m==============[0m [1m3s[0m 47ms/step - loss: 0.9467
[1m 44/128[0m [32m======[0m[37m==============[0m [1m3s[0m 47ms/step - loss: 0.9507
[1m 45/128[0m [32m=======[0m[37m=============[0m [1m3s[0m 48ms/step - loss: 0.9541
[1m 46/128[0m [32m=======[0m[37m=============[0m [1m3s[0m 49ms/step - loss: 0.9572
[1m 47/128[0m [32m=======[0m[37m=============[0m [1m3s[0m 49ms/step - loss: 0.9603
[1m 48/128[0m [32m=======[0m[37m=============[0m [1m3s[0m 50ms/step - loss: 0.9629
[1m 49/128[0m [32m=======[0m[37m=============[0m [1m3s[0m 50ms/step - loss: 0.9652
[1m 50/128[0m [32m=======[0m[37m=============[0m [1m3s[0m 51ms/step - loss: 0.9672
[1m 51/128[0m [32m=======[0m[37m=============[0m [1m3s[0m 51ms/step - loss: 0.9689
[1m 52/128[0m [32m========[0m[37m============[0m [1m3s[0m 52ms/step - loss: 0.9703
[1m 53/128[0m [32m========[0m[37m============[0m [1m3s[0m 52ms/step - loss: 0.9715
[1m 54/128[0m [32m========[0m[37m============[0m [1m3s[0m 53ms/step - loss: 0.9725
[1m 55/128[0m [32m========[0m[37m============[0m [1m3s[0m 53ms/step - loss: 0.9733
[1m 56/128[0m [32m========[0m[37m============[0m [1m3s[0m 54ms/step - loss: 0.9740
[1m 57/128[0m [32m========[0m[37m============[0m [1m3s[0m 54ms/step - loss: 0.9745
[1m 58/128[0m [32m=========[0m[37m===========[0m [1m3s[0m 55ms/step - loss: 0.9748
[1m 59/128[0m [32m=========[0m[37m===========[0m [1m3s[0m 55ms/step - loss: 0.9750
[1m 60/128[0m [32m=========[0m[37m===========[0m [1m3s[0m 56ms/step - loss: 0.9751
[1m 61/128[0m [32m=========[0m[37m===========[0m [1m3s[0m 56ms/step - loss: 0.9750
[1m 62/128[0m [32m=========[0m[37m===========[0m [1m3s[0m 56ms/step - loss: 0.9748
[1m 63/128[0m [32m=========[0m[37m===========[0m [1m3s[0m 57ms/step - loss: 0.9746
[1m 64/128[0m [32m==========[0m[37m==========[0m [1m3s[0m 57ms/step - loss: 0.9743
[1m 65/128[0m [32m==========[0m[37m==========[0m [1m3s[0m 57ms/step - loss: 0.9741
[1m 66/128[0m [32m==========[0m[37m==========[0m [1m3s[0m 58ms/step - loss: 0.9738
[1m 67/128[0m [32m==========[0m[37m==========[0m [1m3s[0m 58ms/step - loss: 0.9734
[1m 68/128[0m [32m==========[0m[37m==========[0m [1m3s[0m 58ms/step - loss: 0.9730
[1m 69/128[0m [32m==========[0m[37m==========[0m [1m3s[0m 58ms/step - loss: 0.9724
[1m 70/128[0m [32m==========[0m[37m==========[0m [1m3s[0m 59ms/step - loss: 0.9718
[1m 71/128[0m [32m===========[0m[37m=========[0m [1m3s[0m 59ms/step - loss: 0.9711
[1m 72/128[0m [32m===========[0m[37m=========[0m [1m3s[0m 59ms/step - loss: 0.9705
[1m 73/128[0m [32m===========[0m[37m=========[0m [1m3s[0m 59ms/step - loss: 0.9697
[1m 74/128[0m [32m===========[0m[37m=========[0m [1m3s[0m 60ms/step - loss: 0.9689
[1m 75/128[0m [32m===========[0m[37m=========[0m [1m3s[0m 60ms/step - loss: 0.9681
[1m 76/128[0m [32m===========[0m[37m=========[0m [1m3s[0m 60ms/step - loss: 0.9671
[1m 77/128[0m [32m============[0m[37m========[0m [1m3s[0m 61ms/step - loss: 0.9667
[1m 78/128[0m [32m============[0m[37m========[0m [1m3s[0m 61ms/step - loss: 0.9662
[1m 79/128[0m [32m============[0m[37m========[0m [1m3s[0m 61ms/step - loss: 0.9657
[1m 80/128[0m [32m============[0m[37m========[0m [1m2s[0m 61ms/step - loss: 0.9651
[1m 81/128[0m [32m============[0m[37m========[0m [1m2s[0m 62ms/step - loss: 0.9648
[1m 82/128[0m [32m============[0m[37m========[0m [1m2s[0m 62ms/step - loss: 0.9646
[1m 83/128[0m [32m============[0m[37m========[0m [1m2s[0m 62ms/step - loss: 0.9643
[1m 84/128[0m [32m=============[0m[37m=======[0m [1m2s[0m 62ms/step - loss: 0.9640
[1m 85/128[0m [32m=============[0m[37m=======[0m [1m2s[0m 62ms/step - loss: 0.9636
[1m 86/128[0m [32m=============[0m[37m=======[0m [1m2s[0m 62ms/step - loss: 0.9631
[1m 87/128[0m [32m=============[0m[37m=======[0m [1m2s[0m 63ms/step - loss: 0.9626
[1m 88/128[0m [32m=============[0m[37m=======[0m [1m2s[0m 63ms/step - loss: 0.9620
[1m 89/128[0m [32m=============[0m[37m=======[0m [1m2s[0m 63ms/step - loss: 0.9614
[1m 90/128[0m [32m==============[0m[37m======[0m [1m2s[0m 63ms/step - loss: 0.9608
[1m 91/128[0m [32m==============[0m[37m======[0m [1m2s[0m 64ms/step - loss: 0.9601
[1m 92/128[0m [32m==============[0m[37m======[0m [1m2s[0m 64ms/step - loss: 0.9595
[1m 93/128[0m [32m==============[0m[37m======[0m [1m2s[0m 64ms/step - loss: 0.9587
[1m 94/128[0m [32m==============[0m[37m======[0m [1m2s[0m 64ms/step - loss: 0.9580
[1m 95/128[0m [32m==============[0m[37m======[0m [1m2s[0m 64ms/step - loss: 0.9572
[1m 96/128[0m [32m===============[0m[37m=====[0m [1m2s[0m 65ms/step - loss: 0.9564
[1m 97/128[0m [32m===============[0m[37m=====[0m [1m2s[0m 65ms/step - loss: 0.9555
[1m 98/128[0m [32m===============[0m[37m=====[0m [1m1s[0m 65ms/step - loss: 0.9547
[1m 99/128[0m [32m===============[0m[37m=====[0m [1m1s[0m 65ms/step - loss: 0.9538
[1m100/128[0m [32m===============[0m[37m=====[0m [1m1s[0m 65ms/step - loss: 0.9529
[1m101/128[0m [32m===============[0m[37m=====[0m [1m1s[0m 65ms/step - loss: 0.9519
[1m102/128[0m [32m===============[0m[37m=====[0m [1m1s[0m 66ms/step - loss: 0.9509
[1m103/128[0m [32m================[0m[37m====[0m [1m1s[0m 66ms/step - loss: 0.9500
[1m104/128[0m [32m================[0m[37m====[0m [1m1s[0m 66ms/step - loss: 0.9490
[1m105/128[0m [32m================[0m[37m====[0m [1m1s[0m 66ms/step - loss: 0.9481
[1m106/128[0m [32m================[0m[37m====[0m [1m1s[0m 66ms/step - loss: 0.9471
[1m107/128[0m [32m================[0m[37m====[0m [1m1s[0m 66ms/step - loss: 0.9461
[1m108/128[0m [32m================[0m[37m====[0m [1m1s[0m 66ms/step - loss: 0.9454
[1m109/128[0m [32m=================[0m[37m===[0m [1m1s[0m 66ms/step - loss: 0.9451
[1m110/128[0m [32m=================[0m[37m===[0m [1m1s[0m 67ms/step - loss: 0.9448
[1m111/128[0m [32m=================[0m[37m===[0m [1m1s[0m 67ms/step - loss: 0.9444
[1m112/128[0m [32m=================[0m[37m===[0m [1m1s[0m 67ms/step - loss: 0.9441
[1m113/128[0m [32m=================[0m[37m===[0m [1m1s[0m 67ms/step - loss: 0.9437
[1m114/128[0m [32m=================[0m[37m===[0m [1m0s[0m 67ms/step - loss: 0.9433
[1m115/128[0m [32m=================[0m[37m===[0m [1m0s[0m 67ms/step - loss: 0.9428
[1m116/128[0m [32m==================[0m[37m==[0m [1m0s[0m 67ms/step - loss: 0.9424
[1m117/128[0m [32m==================[0m[37m==[0m [1m0s[0m 67ms/step - loss: 0.9419
[1m118/128[0m [32m==================[0m[37m==[0m [1m0s[0m 67ms/step - loss: 0.9414
[1m119/128[0m [32m==================[0m[37m==[0m [1m0s[0m 67ms/step - loss: 0.9410
[1m120/128[0m [32m==================[0m[37m==[0m [1m0s[0m 67ms/step - loss: 0.9405
[1m121/128[0m [32m==================[0m[37m==[0m [1m0s[0m 67ms/step - loss: 0.9401
[1m122/128[0m [32m===================[0m[37m=[0m [1m0s[0m 68ms/step - loss: 0.9396
[1m123/128[0m [32m===================[0m[37m=[0m [1m0s[0m 68ms/step - loss: 0.9391
[1m124/128[0m [32m===================[0m[37m=[0m [1m0s[0m 68ms/step - loss: 0.9386
[1m125/128[0m [32m===================[0m[37m=[0m [1m0s[0m 68ms/step - loss: 0.9381
[1m126/128[0m [32m===================[0m[37m=[0m [1m0s[0m 68ms/step - loss: 0.9375
[1m127/128[0m [32m===================[0m[37m=[0m [1m0s[0m 68ms/step - loss: 0.9370
[1m128/128[0m [32m====================[0m[37m[0m [1m0s[0m 68ms/step - loss: 0.9364
[1m128/128[0m [32m====================[0m[37m[0m [1m10s[0m 79ms/step - loss: 0.8651 - val_loss: 0.9297
Epoch 3/12

[1m  1/128[0m [37m====================[0m [1m18s[0m 147ms/step - loss: 0.5242
[1m  2/128[0m [37m====================[0m [1m6s[0m 54ms/step - loss: 0.5146  
[1m  3/128[0m [37m====================[0m [1m6s[0m 55ms/step - loss: 0.5054
[1m  4/128[0m [37m====================[0m [1m6s[0m 54ms/step - loss: 0.5120
[1m  5/128[0m [37m====================[0m [1m6s[0m 54ms/step - loss: 0.5109
[1m  6/128[0m [37m====================[0m [1m6s[0m 54ms/step - loss: 0.5061
[1m  8/128[0m [32m=[0m[37m===================[0m [1m6s[0m 53ms/step - loss: 0.4967
[1m 10/128[0m [32m=[0m[37m===================[0m [1m5s[0m 51ms/step - loss: 0.4908
[1m 12/128[0m [32m=[0m[37m===================[0m [1m5s[0m 50ms/step - loss: 0.5124
[1m 14/128[0m [32m==[0m[37m==================[0m [1m5s[0m 50ms/step - loss: 0.5246
[1m 16/128[0m [32m==[0m[37m==================[0m [1m5s[0m 50ms/step - loss: 0.5311
[1m 17/128[0m [32m==[0m[37m==================[0m [1m5s[0m 50ms/step - loss: 0.5331
[1m 19/128[0m [32m==[0m[37m==================[0m [1m5s[0m 50ms/step - loss: 0.5356
[1m 21/128[0m [32m===[0m[37m=================[0m [1m5s[0m 49ms/step - loss: 0.5370
[1m 23/128[0m [32m===[0m[37m=================[0m [1m5s[0m 49ms/step - loss: 0.5494
[1m 25/128[0m [32m===[0m[37m=================[0m [1m4s[0m 48ms/step - loss: 0.5694
[1m 27/128[0m [32m====[0m[37m================[0m [1m4s[0m 48ms/step - loss: 0.5848
[1m 29/128[0m [32m====[0m[37m================[0m [1m4s[0m 48ms/step - loss: 0.6019
[1m 30/128[0m [32m====[0m[37m================[0m [1m4s[0m 48ms/step - loss: 0.6223
[1m 32/128[0m [32m=====[0m[37m===============[0m [1m4s[0m 48ms/step - loss: 0.6570
[1m 34/128[0m [32m=====[0m[37m===============[0m [1m4s[0m 47ms/step - loss: 0.6850
[1m 36/128[0m [32m=====[0m[37m===============[0m [1m4s[0m 47ms/step - loss: 0.7076
[1m 38/128[0m [32m=====[0m[37m===============[0m [1m4s[0m 47ms/step - loss: 0.7261
[1m 40/128[0m [32m======[0m[37m==============[0m [1m4s[0m 47ms/step - loss: 0.7412
[1m 42/128[0m [32m======[0m[37m==============[0m [1m4s[0m 47ms/step - loss: 0.7586
[1m 44/128[0m [32m======[0m[37m==============[0m [1m3s[0m 47ms/step - loss: 0.7741
[1m 45/128[0m [32m=======[0m[37m=============[0m [1m3s[0m 48ms/step - loss: 0.7813
[1m 46/128[0m [32m=======[0m[37m=============[0m [1m3s[0m 49ms/step - loss: 0.7882
[1m 47/128[0m [32m=======[0m[37m=============[0m [1m4s[0m 49ms/step - loss: 0.7946
[1m 48/128[0m [32m=======[0m[37m=============[0m [1m3s[0m 50ms/step - loss: 0.8003
[1m 49/128[0m [32m=======[0m[37m=============[0m [1m3s[0m 51ms/step - loss: 0.8057
[1m 50/128[0m [32m=======[0m[37m=============[0m [1m3s[0m 51ms/step - loss: 0.8105
[1m 51/128[0m [32m=======[0m[37m=============[0m [1m3s[0m 52ms/step - loss: 0.8149
[1m 52/128[0m [32m========[0m[37m============[0m [1m3s[0m 52ms/step - loss: 0.8190
[1m 53/128[0m [32m========[0m[37m============[0m [1m3s[0m 53ms/step - loss: 0.8228
[1m 54/128[0m [32m========[0m[37m============[0m [1m3s[0m 53ms/step - loss: 0.8263
[1m 55/128[0m [32m========[0m[37m============[0m [1m3s[0m 53ms/step - loss: 0.8294
[1m 56/128[0m [32m========[0m[37m============[0m [1m3s[0m 54ms/step - loss: 0.8334
[1m 58/128[0m [32m=========[0m[37m===========[0m [1m3s[0m 54ms/step - loss: 0.8411
[1m 59/128[0m [32m=========[0m[37m===========[0m [1m3s[0m 54ms/step - loss: 0.8445
[1m 60/128[0m [32m=========[0m[37m===========[0m [1m3s[0m 55ms/step - loss: 0.8476
[1m 61/128[0m [32m=========[0m[37m===========[0m [1m3s[0m 55ms/step - loss: 0.8504
[1m 62/128[0m [32m=========[0m[37m===========[0m [1m3s[0m 56ms/step - loss: 0.8535
[1m 63/128[0m [32m=========[0m[37m===========[0m [1m3s[0m 56ms/step - loss: 0.8564
[1m 64/128[0m [32m==========[0m[37m==========[0m [1m3s[0m 56ms/step - loss: 0.8593
[1m 65/128[0m [32m==========[0m[37m==========[0m [1m3s[0m 57ms/step - loss: 0.8619
[1m 66/128[0m [32m==========[0m[37m==========[0m [1m3s[0m 57ms/step - loss: 0.8643
[1m 67/128[0m [32m==========[0m[37m==========[0m [1m3s[0m 57ms/step - loss: 0.8666
[1m 68/128[0m [32m==========[0m[37m==========[0m [1m3s[0m 58ms/step - loss: 0.8686
[1m 69/128[0m [32m==========[0m[37m==========[0m [1m3s[0m 58ms/step - loss: 0.8705
[1m 70/128[0m [32m==========[0m[37m==========[0m [1m3s[0m 58ms/step - loss: 0.8722
[1m 71/128[0m [32m===========[0m[37m=========[0m [1m3s[0m 59ms/step - loss: 0.8738
[1m 72/128[0m [32m===========[0m[37m=========[0m [1m3s[0m 59ms/step - loss: 0.8752
[1m 73/128[0m [32m===========[0m[37m=========[0m [1m3s[0m 59ms/step - loss: 0.8764
[1m 74/128[0m [32m===========[0m[37m=========[0m [1m3s[0m 59ms/step - loss: 0.8776
[1m 75/128[0m [32m===========[0m[37m=========[0m [1m3s[0m 60ms/step - loss: 0.8786
[1m 76/128[0m [32m===========[0m[37m=========[0m [1m3s[0m 60ms/step - loss: 0.8795
[1m 77/128[0m [32m============[0m[37m========[0m [1m3s[0m 60ms/step - loss: 0.8803
[1m 78/128[0m [32m============[0m[37m========[0m [1m3s[0m 60ms/step - loss: 0.8811
[1m 79/128[0m [32m============[0m[37m========[0m [1m2s[0m 61ms/step - loss: 0.8817
[1m 80/128[0m [32m============[0m[37m========[0m [1m2s[0m 61ms/step - loss: 0.8824
[1m 81/128[0m [32m============[0m[37m========[0m [1m2s[0m 61ms/step - loss: 0.8830
[1m 82/128[0m [32m============[0m[37m========[0m [1m2s[0m 61ms/step - loss: 0.8835
[1m 83/128[0m [32m============[0m[37m========[0m [1m2s[0m 61ms/step - loss: 0.8840
[1m 84/128[0m [32m=============[0m[37m=======[0m [1m2s[0m 62ms/step - loss: 0.8844
[1m 85/128[0m [32m=============[0m[37m=======[0m [1m2s[0m 62ms/step - loss: 0.8848
[1m 86/128[0m [32m=============[0m[37m=======[0m [1m2s[0m 62ms/step - loss: 0.8856
[1m 87/128[0m [32m=============[0m[37m=======[0m [1m2s[0m 63ms/step - loss: 0.8863
[1m 88/128[0m [32m=============[0m[37m=======[0m [1m2s[0m 63ms/step - loss: 0.8869
[1m 89/128[0m [32m=============[0m[37m=======[0m [1m2s[0m 63ms/step - loss: 0.8875
[1m 90/128[0m [32m==============[0m[37m======[0m [1m2s[0m 63ms/step - loss: 0.8880
[1m 91/128[0m [32m==============[0m[37m======[0m [1m2s[0m 63ms/step - loss: 0.8885
[1m 92/128[0m [32m==============[0m[37m======[0m [1m2s[0m 63ms/step - loss: 0.8889
[1m 93/128[0m [32m==============[0m[37m======[0m [1m2s[0m 63ms/step - loss: 0.8893
[1m 94/128[0m [32m==============[0m[37m======[0m [1m2s[0m 63ms/step - loss: 0.8897
[1m 95/128[0m [32m==============[0m[37m======[0m [1m2s[0m 64ms/step - loss: 0.8900
[1m 96/128[0m [32m===============[0m[37m=====[0m [1m2s[0m 64ms/step - loss: 0.8903
[1m 97/128[0m [32m===============[0m[37m=====[0m [1m1s[0m 64ms/step - loss: 0.8905
[1m 98/128[0m [32m===============[0m[37m=====[0m [1m1s[0m 64ms/step - loss: 0.8907
[1m 99/128[0m [32m===============[0m[37m=====[0m [1m1s[0m 64ms/step - loss: 0.8909
[1m100/128[0m [32m===============[0m[37m=====[0m [1m1s[0m 65ms/step - loss: 0.8910
[1m101/128[0m [32m===============[0m[37m=====[0m [1m1s[0m 65ms/step - loss: 0.8910
[1m102/128[0m [32m===============[0m[37m=====[0m [1m1s[0m 65ms/step - loss: 0.8911
[1m103/128[0m [32m================[0m[37m====[0m [1m1s[0m 65ms/step - loss: 0.8911
[1m104/128[0m [32m================[0m[37m====[0m [1m1s[0m 65ms/step - loss: 0.8910
[1m105/128[0m [32m================[0m[37m====[0m [1m1s[0m 65ms/step - loss: 0.8909
[1m106/128[0m [32m================[0m[37m====[0m [1m1s[0m 65ms/step - loss: 0.8908
[1m107/128[0m [32m================[0m[37m====[0m [1m1s[0m 65ms/step - loss: 0.8907
[1m108/128[0m [32m================[0m[37m====[0m [1m1s[0m 66ms/step - loss: 0.8905
[1m109/128[0m [32m=================[0m[37m===[0m [1m1s[0m 66ms/step - loss: 0.8903
[1m110/128[0m [32m=================[0m[37m===[0m [1m1s[0m 66ms/step - loss: 0.8901
[1m111/128[0m [32m=================[0m[37m===[0m [1m1s[0m 66ms/step - loss: 0.8899
[1m112/128[0m [32m=================[0m[37m===[0m [1m1s[0m 66ms/step - loss: 0.8897
[1m113/128[0m [32m=================[0m[37m===[0m [1m0s[0m 66ms/step - loss: 0.8895
[1m114/128[0m [32m=================[0m[37m===[0m [1m0s[0m 66ms/step - loss: 0.8892
[1m115/128[0m [32m=================[0m[37m===[0m [1m0s[0m 66ms/step - loss: 0.8889
[1m116/128[0m [32m==================[0m[37m==[0m [1m0s[0m 67ms/step - loss: 0.8886
[1m117/128[0m [32m==================[0m[37m==[0m [1m0s[0m 67ms/step - loss: 0.8882
[1m118/128[0m [32m==================[0m[37m==[0m [1m0s[0m 67ms/step - loss: 0.8879
[1m119/128[0m [32m==================[0m[37m==[0m [1m0s[0m 67ms/step - loss: 0.8875
[1m120/128[0m [32m==================[0m[37m==[0m [1m0s[0m 67ms/step - loss: 0.8871
[1m121/128[0m [32m==================[0m[37m==[0m [1m0s[0m 67ms/step - loss: 0.8869
[1m122/128[0m [32m===================[0m[37m=[0m [1m0s[0m 67ms/step - loss: 0.8867
[1m123/128[0m [32m===================[0m[37m=[0m [1m0s[0m 67ms/step - loss: 0.8865
[1m124/128[0m [32m===================[0m[37m=[0m [1m0s[0m 67ms/step - loss: 0.8863
[1m125/128[0m [32m===================[0m[37m=[0m [1m0s[0m 67ms/step - loss: 0.8860
[1m126/128[0m [32m===================[0m[37m=[0m [1m0s[0m 67ms/step - loss: 0.8858
[1m127/128[0m [32m===================[0m[37m=[0m [1m0s[0m 67ms/step - loss: 0.8855
[1m128/128[0m [32m====================[0m[37m[0m [1m0s[0m 68ms/step - loss: 0.8852
[1m128/128[0m [32m====================[0m[37m[0m [1m10s[0m 78ms/step - loss: 0.8500 - val_loss: 0.9176
Epoch 4/12

[1m  1/128[0m [37m====================[0m [1m18s[0m 144ms/step - loss: 0.4891
[1m  2/128[0m [37m====================[0m [1m7s[0m 57ms/step - loss: 0.5037  
[1m  3/128[0m [37m====================[0m [1m7s[0m 56ms/step - loss: 0.9996
[1m  5/128[0m [37m====================[0m [1m6s[0m 53ms/step - loss: 1.3592
[1m  7/128[0m [32m=[0m[37m===================[0m [1m6s[0m 50ms/step - loss: 1.4709
[1m  9/128[0m [32m=[0m[37m===================[0m [1m5s[0m 49ms/step - loss: 1.6054
[1m 11/128[0m [32m=[0m[37m===================[0m [1m5s[0m 48ms/step - loss: 1.6370
[1m 12/128[0m [32m=[0m[37m===================[0m [1m5s[0m 48ms/step - loss: 1.6354
[1m 14/128[0m [32m==[0m[37m==================[0m [1m5s[0m 47ms/step - loss: 1.6161
[1m 16/128[0m [32m==[0m[37m==================[0m [1m5s[0m 47ms/step - loss: 1.5850
[1m 18/128[0m [32m==[0m[37m==================[0m [1m5s[0m 47ms/step - loss: 1.5490
[1m 20/128[0m [32m===[0m[37m=================[0m [1m4s[0m 46ms/step - loss: 1.5115
[1m 22/128[0m [32m===[0m[37m=================[0m [1m4s[0m 46ms/step - loss: 1.4751
[1m 24/128[0m [32m===[0m[37m=================[0m [1m4s[0m 46ms/step - loss: 1.4437
[1m 25/128[0m [32m===[0m[37m=================[0m [1m4s[0m 46ms/step - loss: 1.4295
[1m 27/128[0m [32m====[0m[37m================[0m [1m4s[0m 46ms/step - loss: 1.4016
[1m 29/128[0m [32m====[0m[37m================[0m [1m4s[0m 45ms/step - loss: 1.3746
[1m 31/128[0m [32m====[0m[37m================[0m [1m4s[0m 45ms/step - loss: 1.3496
[1m 33/128[0m [32m=====[0m[37m===============[0m [1m4s[0m 45ms/step - loss: 1.3265
[1m 35/128[0m [32m=====[0m[37m===============[0m [1m4s[0m 45ms/step - loss: 1.3056
[1m 37/128[0m [32m=====[0m[37m===============[0m [1m4s[0m 45ms/step - loss: 1.2858
[1m 39/128[0m [32m======[0m[37m==============[0m [1m3s[0m 45ms/step - loss: 1.2746
[1m 41/128[0m [32m======[0m[37m==============[0m [1m3s[0m 44ms/step - loss: 1.2632
[1m 43/128[0m [32m======[0m[37m==============[0m [1m3s[0m 45ms/step - loss: 1.2522
[1m 45/128[0m [32m=======[0m[37m=============[0m [1m3s[0m 44ms/step - loss: 1.2416
[1m 46/128[0m [32m=======[0m[37m=============[0m [1m3s[0m 45ms/step - loss: 1.2364
[1m 47/128[0m [32m=======[0m[37m=============[0m [1m3s[0m 46ms/step - loss: 1.2312
[1m 48/128[0m [32m=======[0m[37m=============[0m [1m3s[0m 46ms/step - loss: 1.2260
[1m 49/128[0m [32m=======[0m[37m=============[0m [1m3s[0m 47ms/step - loss: 1.2207
[1m 50/128[0m [32m=======[0m[37m=============[0m [1m3s[0m 48ms/step - loss: 1.2155
[1m 51/128[0m [32m=======[0m[37m=============[0m [1m3s[0m 48ms/step - loss: 1.2103
[1m 52/128[0m [32m========[0m[37m============[0m [1m3s[0m 49ms/step - loss: 1.2050
[1m 53/128[0m [32m========[0m[37m============[0m [1m3s[0m 49ms/step - loss: 1.1998
[1m 54/128[0m [32m========[0m[37m============[0m [1m3s[0m 50ms/step - loss: 1.1945
[1m 55/128[0m [32m========[0m[37m============[0m [1m3s[0m 50ms/step - loss: 1.1893
[1m 56/128[0m [32m========[0m[37m============[0m [1m3s[0m 50ms/step - loss: 1.1842
[1m 57/128[0m [32m========[0m[37m============[0m [1m3s[0m 51ms/step - loss: 1.1791
[1m 58/128[0m [32m=========[0m[37m===========[0m [1m3s[0m 51ms/step - loss: 1.1741
[1m 59/128[0m [32m=========[0m[37m===========[0m [1m3s[0m 52ms/step - loss: 1.1692
[1m 60/128[0m [32m=========[0m[37m===========[0m [1m3s[0m 52ms/step - loss: 1.1650
[1m 61/128[0m [32m=========[0m[37m===========[0m [1m3s[0m 53ms/step - loss: 1.1608
[1m 62/128[0m [32m=========[0m[37m===========[0m [1m3s[0m 53ms/step - loss: 1.1566
[1m 63/128[0m [32m=========[0m[37m===========[0m [1m3s[0m 54ms/step - loss: 1.1525
[1m 64/128[0m [32m==========[0m[37m==========[0m [1m3s[0m 54ms/step - loss: 1.1494
[1m 65/128[0m [32m==========[0m[37m==========[0m [1m3s[0m 54ms/step - loss: 1.1466
[1m 66/128[0m [32m==========[0m[37m==========[0m [1m3s[0m 55ms/step - loss: 1.1437
[1m 67/128[0m [32m==========[0m[37m==========[0m [1m3s[0m 55ms/step - loss: 1.1408
[1m 68/128[0m [32m==========[0m[37m==========[0m [1m3s[0m 55ms/step - loss: 1.1379
[1m 69/128[0m [32m==========[0m[37m==========[0m [1m3s[0m 56ms/step - loss: 1.1349
[1m 70/128[0m [32m==========[0m[37m==========[0m [1m3s[0m 56ms/step - loss: 1.1319
[1m 71/128[0m [32m===========[0m[37m=========[0m [1m3s[0m 56ms/step - loss: 1.1290
[1m 72/128[0m [32m===========[0m[37m=========[0m [1m3s[0m 57ms/step - loss: 1.1261
[1m 73/128[0m [32m===========[0m[37m=========[0m [1m3s[0m 57ms/step - loss: 1.1231
[1m 74/128[0m [32m===========[0m[37m=========[0m [1m3s[0m 57ms/step - loss: 1.1202
[1m 75/128[0m [32m===========[0m[37m=========[0m [1m3s[0m 58ms/step - loss: 1.1172
[1m 76/128[0m [32m===========[0m[37m=========[0m [1m3s[0m 58ms/step - loss: 1.1149
[1m 77/128[0m [32m============[0m[37m========[0m [1m2s[0m 58ms/step - loss: 1.1126
[1m 78/128[0m [32m============[0m[37m========[0m [1m2s[0m 58ms/step - loss: 1.1103
[1m 79/128[0m [32m============[0m[37m========[0m [1m2s[0m 59ms/step - loss: 1.1079
[1m 80/128[0m [32m============[0m[37m========[0m [1m2s[0m 59ms/step - loss: 1.1056
[1m 81/128[0m [32m============[0m[37m========[0m [1m2s[0m 59ms/step - loss: 1.1032
[1m 82/128[0m [32m============[0m[37m========[0m [1m2s[0m 60ms/step - loss: 1.1009
[1m 83/128[0m [32m============[0m[37m========[0m [1m2s[0m 60ms/step - loss: 1.0986
[1m 84/128[0m [32m=============[0m[37m=======[0m [1m2s[0m 60ms/step - loss: 1.0962
[1m 85/128[0m [32m=============[0m[37m=======[0m [1m2s[0m 60ms/step - loss: 1.0939
[1m 86/128[0m [32m=============[0m[37m=======[0m [1m2s[0m 61ms/step - loss: 1.0916
[1m 87/128[0m [32m=============[0m[37m=======[0m [1m2s[0m 61ms/step - loss: 1.0892
[1m 88/128[0m [32m=============[0m[37m=======[0m [1m2s[0m 61ms/step - loss: 1.0869
[1m 89/128[0m [32m=============[0m[37m=======[0m [1m2s[0m 61ms/step - loss: 1.0845
[1m 90/128[0m [32m==============[0m[37m======[0m [1m2s[0m 61ms/step - loss: 1.0821
[1m 91/128[0m [32m==============[0m[37m======[0m [1m2s[0m 61ms/step - loss: 1.0798
[1m 92/128[0m [32m==============[0m[37m======[0m [1m2s[0m 62ms/step - loss: 1.0774
[1m 93/128[0m [32m==============[0m[37m======[0m [1m2s[0m 62ms/step - loss: 1.0751
[1m 94/128[0m [32m==============[0m[37m======[0m [1m2s[0m 62ms/step - loss: 1.0728
[1m 95/128[0m [32m==============[0m[37m======[0m [1m2s[0m 62ms/step - loss: 1.0704
[1m 96/128[0m [32m===============[0m[37m=====[0m [1m1s[0m 62ms/step - loss: 1.0681
[1m 97/128[0m [32m===============[0m[37m=====[0m [1m1s[0m 63ms/step - loss: 1.0658
[1m 98/128[0m [32m===============[0m[37m=====[0m [1m1s[0m 63ms/step - loss: 1.0635
[1m 99/128[0m [32m===============[0m[37m=====[0m [1m1s[0m 63ms/step - loss: 1.0613
[1m100/128[0m [32m===============[0m[37m=====[0m [1m1s[0m 63ms/step - loss: 1.0590
[1m101/128[0m [32m===============[0m[37m=====[0m [1m1s[0m 63ms/step - loss: 1.0567
[1m102/128[0m [32m===============[0m[37m=====[0m [1m1s[0m 64ms/step - loss: 1.0544
[1m103/128[0m [32m================[0m[37m====[0m [1m1s[0m 64ms/step - loss: 1.0522
[1m104/128[0m [32m================[0m[37m====[0m [1m1s[0m 64ms/step - loss: 1.0499
[1m105/128[0m [32m================[0m[37m====[0m [1m1s[0m 64ms/step - loss: 1.0477
[1m106/128[0m [32m================[0m[37m====[0m [1m1s[0m 64ms/step - loss: 1.0455
[1m107/128[0m [32m================[0m[37m====[0m [1m1s[0m 64ms/step - loss: 1.0434
[1m108/128[0m [32m================[0m[37m====[0m [1m1s[0m 64ms/step - loss: 1.0412
[1m109/128[0m [32m=================[0m[37m===[0m [1m1s[0m 64ms/step - loss: 1.0391
[1m110/128[0m [32m=================[0m[37m===[0m [1m1s[0m 65ms/step - loss: 1.0373
[1m111/128[0m [32m=================[0m[37m===[0m [1m1s[0m 65ms/step - loss: 1.0358
[1m112/128[0m [32m=================[0m[37m===[0m [1m1s[0m 65ms/step - loss: 1.0343
[1m113/128[0m [32m=================[0m[37m===[0m [1m0s[0m 65ms/step - loss: 1.0329
[1m114/128[0m [32m=================[0m[37m===[0m [1m0s[0m 65ms/step - loss: 1.0315
[1m115/128[0m [32m=================[0m[37m===[0m [1m0s[0m 65ms/step - loss: 1.0302
[1m116/128[0m [32m==================[0m[37m==[0m [1m0s[0m 65ms/step - loss: 1.0289
[1m117/128[0m [32m==================[0m[37m==[0m [1m0s[0m 66ms/step - loss: 1.0275
[1m118/128[0m [32m==================[0m[37m==[0m [1m0s[0m 66ms/step - loss: 1.0262
[1m119/128[0m [32m==================[0m[37m==[0m [1m0s[0m 66ms/step - loss: 1.0248
[1m120/128[0m [32m==================[0m[37m==[0m [1m0s[0m 66ms/step - loss: 1.0235
[1m121/128[0m [32m==================[0m[37m==[0m [1m0s[0m 66ms/step - loss: 1.0221
[1m122/128[0m [32m===================[0m[37m=[0m [1m0s[0m 66ms/step - loss: 1.0208
[1m123/128[0m [32m===================[0m[37m=[0m [1m0s[0m 66ms/step - loss: 1.0195
[1m124/128[0m [32m===================[0m[37m=[0m [1m0s[0m 66ms/step - loss: 1.0181
[1m125/128[0m [32m===================[0m[37m=[0m [1m0s[0m 66ms/step - loss: 1.0167
[1m126/128[0m [32m===================[0m[37m=[0m [1m0s[0m 66ms/step - loss: 1.0154
[1m127/128[0m [32m===================[0m[37m=[0m [1m0s[0m 67ms/step - loss: 1.0140
[1m128/128[0m [32m====================[0m[37m[0m [1m0s[0m 67ms/step - loss: 1.0126
[1m128/128[0m [32m====================[0m[37m[0m [1m10s[0m 77ms/step - loss: 0.8385 - val_loss: 0.9016
Epoch 5/12

[1m  1/128[0m [37m====================[0m [1m18s[0m 146ms/step - loss: 0.4108
[1m  2/128[0m [37m====================[0m [1m6s[0m 52ms/step - loss: 0.5807  
[1m  3/128[0m [37m====================[0m [1m6s[0m 53ms/step - loss: 0.6072
[1m  4/128[0m [37m====================[0m [1m6s[0m 52ms/step - loss: 0.6032
[1m  5/128[0m [37m====================[0m [1m7s[0m 60ms/step - loss: 0.6065
[1m  6/128[0m [37m====================[0m [1m7s[0m 59ms/step - loss: 0.6041
[1m  8/128[0m [32m=[0m[37m===================[0m [1m6s[0m 56ms/step - loss: 0.5927
[1m 10/128[0m [32m=[0m[37m===================[0m [1m6s[0m 52ms/step - loss: 0.5832
[1m 12/128[0m [32m=[0m[37m===================[0m [1m5s[0m 51ms/step - loss: 0.5965
[1m 14/128[0m [32m==[0m[37m==================[0m [1m5s[0m 50ms/step - loss: 0.6019
[1m 16/128[0m [32m==[0m[37m==================[0m [1m5s[0m 49ms/step - loss: 0.6476
[1m 18/128[0m [32m==[0m[37m==================[0m [1m5s[0m 49ms/step - loss: 0.6976
[1m 19/128[0m [32m==[0m[37m==================[0m [1m5s[0m 49ms/step - loss: 0.7160
[1m 21/128[0m [32m===[0m[37m=================[0m [1m5s[0m 48ms/step - loss: 0.7448
[1m 23/128[0m [32m===[0m[37m=================[0m [1m5s[0m 48ms/step - loss: 0.7643
[1m 25/128[0m [32m===[0m[37m=================[0m [1m4s[0m 48ms/step - loss: 0.7771
[1m 27/128[0m [32m====[0m[37m================[0m [1m4s[0m 47ms/step - loss: 0.7854
[1m 29/128[0m [32m====[0m[37m================[0m [1m4s[0m 47ms/step - loss: 0.7903
[1m 31/128[0m [32m====[0m[37m================[0m [1m4s[0m 47ms/step - loss: 0.7930
[1m 33/128[0m [32m=====[0m[37m===============[0m [1m4s[0m 47ms/step - loss: 0.7940
[1m 35/128[0m [32m=====[0m[37m===============[0m [1m4s[0m 46ms/step - loss: 0.7939
[1m 37/128[0m [32m=====[0m[37m===============[0m [1m4s[0m 46ms/step - loss: 0.7929
[1m 39/128[0m [32m======[0m[37m==============[0m [1m4s[0m 46ms/step - loss: 0.7911
[1m 41/128[0m [32m======[0m[37m==============[0m [1m3s[0m 46ms/step - loss: 0.7888
[1m 42/128[0m [32m======[0m[37m==============[0m [1m3s[0m 46ms/step - loss: 0.7875
[1m 44/128[0m [32m======[0m[37m==============[0m [1m3s[0m 46ms/step - loss: 0.7847
[1m 45/128[0m [32m=======[0m[37m=============[0m [1m3s[0m 47ms/step - loss: 0.7832
[1m 46/128[0m [32m=======[0m[37m=============[0m [1m3s[0m 47ms/step - loss: 0.7836
[1m 47/128[0m [32m=======[0m[37m=============[0m [1m3s[0m 48ms/step - loss: 0.7839
[1m 48/128[0m [32m=======[0m[37m=============[0m [1m3s[0m 49ms/step - loss: 0.7840
[1m 49/128[0m [32m=======[0m[37m=============[0m [1m3s[0m 49ms/step - loss: 0.7839
[1m 50/128[0m [32m=======[0m[37m=============[0m [1m3s[0m 50ms/step - loss: 0.7837
[1m 51/128[0m [32m=======[0m[37m=============[0m [1m3s[0m 50ms/step - loss: 0.7835
[1m 52/128[0m [32m========[0m[37m============[0m [1m3s[0m 51ms/step - loss: 0.7831
[1m 53/128[0m [32m========[0m[37m============[0m [1m3s[0m 51ms/step - loss: 0.7827
[1m 54/128[0m [32m========[0m[37m============[0m [1m3s[0m 52ms/step - loss: 0.7828
[1m 55/128[0m [32m========[0m[37m============[0m [1m3s[0m 52ms/step - loss: 0.7829
[1m 56/128[0m [32m========[0m[37m============[0m [1m3s[0m 53ms/step - loss: 0.7828
[1m 57/128[0m [32m========[0m[37m============[0m [1m3s[0m 53ms/step - loss: 0.7829
[1m 58/128[0m [32m=========[0m[37m===========[0m [1m3s[0m 54ms/step - loss: 0.7829
[1m 59/128[0m [32m=========[0m[37m===========[0m [1m3s[0m 54ms/step - loss: 0.7827
[1m 60/128[0m [32m=========[0m[37m===========[0m [1m3s[0m 54ms/step - loss: 0.7827
[1m 61/128[0m [32m=========[0m[37m===========[0m [1m3s[0m 55ms/step - loss: 0.7828
[1m 62/128[0m [32m=========[0m[37m===========[0m [1m3s[0m 55ms/step - loss: 0.7829
[1m 63/128[0m [32m=========[0m[37m===========[0m [1m3s[0m 56ms/step - loss: 0.7828
[1m 64/128[0m [32m==========[0m[37m==========[0m [1m3s[0m 56ms/step - loss: 0.7828
[1m 65/128[0m [32m==========[0m[37m==========[0m [1m3s[0m 56ms/step - loss: 0.7826
[1m 66/128[0m [32m==========[0m[37m==========[0m [1m3s[0m 57ms/step - loss: 0.7823
[1m 67/128[0m [32m==========[0m[37m==========[0m [1m3s[0m 57ms/step - loss: 0.7820
[1m 68/128[0m [32m==========[0m[37m==========[0m [1m3s[0m 57ms/step - loss: 0.7816
[1m 69/128[0m [32m==========[0m[37m==========[0m [1m3s[0m 57ms/step - loss: 0.7812
[1m 70/128[0m [32m==========[0m[37m==========[0m [1m3s[0m 58ms/step - loss: 0.7807
[1m 71/128[0m [32m===========[0m[37m=========[0m [1m3s[0m 58ms/step - loss: 0.7802
[1m 72/128[0m [32m===========[0m[37m=========[0m [1m3s[0m 58ms/step - loss: 0.7796
[1m 73/128[0m [32m===========[0m[37m=========[0m [1m3s[0m 58ms/step - loss: 0.7790
[1m 74/128[0m [32m===========[0m[37m=========[0m [1m3s[0m 59ms/step - loss: 0.7783
[1m 75/128[0m [32m===========[0m[37m=========[0m [1m3s[0m 59ms/step - loss: 0.7776
[1m 76/128[0m [32m===========[0m[37m=========[0m [1m3s[0m 59ms/step - loss: 0.7770
[1m 77/128[0m [32m============[0m[37m========[0m [1m3s[0m 60ms/step - loss: 0.7763
[1m 78/128[0m [32m============[0m[37m========[0m [1m2s[0m 60ms/step - loss: 0.7763
[1m 79/128[0m [32m============[0m[37m========[0m [1m2s[0m 60ms/step - loss: 0.7762
[1m 80/128[0m [32m============[0m[37m========[0m [1m2s[0m 60ms/step - loss: 0.7760
[1m 81/128[0m [32m============[0m[37m========[0m [1m2s[0m 60ms/step - loss: 0.7758
[1m 82/128[0m [32m============[0m[37m========[0m [1m2s[0m 61ms/step - loss: 0.7756
[1m 83/128[0m [32m============[0m[37m========[0m [1m2s[0m 61ms/step - loss: 0.7753
[1m 84/128[0m [32m=============[0m[37m=======[0m [1m2s[0m 61ms/step - loss: 0.7749
[1m 85/128[0m [32m=============[0m[37m=======[0m [1m2s[0m 61ms/step - loss: 0.7754
[1m 86/128[0m [32m=============[0m[37m=======[0m [1m2s[0m 61ms/step - loss: 0.7763
[1m 87/128[0m [32m=============[0m[37m=======[0m [1m2s[0m 61ms/step - loss: 0.7772
[1m 88/128[0m [32m=============[0m[37m=======[0m [1m2s[0m 62ms/step - loss: 0.7779
[1m 89/128[0m [32m=============[0m[37m=======[0m [1m2s[0m 62ms/step - loss: 0.7786
[1m 90/128[0m [32m==============[0m[37m======[0m [1m2s[0m 62ms/step - loss: 0.7792
[1m 91/128[0m [32m==============[0m[37m======[0m [1m2s[0m 62ms/step - loss: 0.7798
[1m 92/128[0m [32m==============[0m[37m======[0m [1m2s[0m 62ms/step - loss: 0.7804
[1m 93/128[0m [32m==============[0m[37m======[0m [1m2s[0m 62ms/step - loss: 0.7809
[1m 94/128[0m [32m==============[0m[37m======[0m [1m2s[0m 62ms/step - loss: 0.7815
[1m 95/128[0m [32m==============[0m[37m======[0m [1m2s[0m 63ms/step - loss: 0.7820
[1m 96/128[0m [32m===============[0m[37m=====[0m [1m2s[0m 63ms/step - loss: 0.7824
[1m 97/128[0m [32m===============[0m[37m=====[0m [1m1s[0m 63ms/step - loss: 0.7828
[1m 98/128[0m [32m===============[0m[37m=====[0m [1m1s[0m 63ms/step - loss: 0.7832
[1m 99/128[0m [32m===============[0m[37m=====[0m [1m1s[0m 63ms/step - loss: 0.7835
[1m100/128[0m [32m===============[0m[37m=====[0m [1m1s[0m 63ms/step - loss: 0.7838
[1m101/128[0m [32m===============[0m[37m=====[0m [1m1s[0m 64ms/step - loss: 0.7840
[1m102/128[0m [32m===============[0m[37m=====[0m [1m1s[0m 64ms/step - loss: 0.7843
[1m103/128[0m [32m================[0m[37m====[0m [1m1s[0m 64ms/step - loss: 0.7845
[1m104/128[0m [32m================[0m[37m====[0m [1m1s[0m 64ms/step - loss: 0.7847
[1m105/128[0m [32m================[0m[37m====[0m [1m1s[0m 64ms/step - loss: 0.7849
[1m106/128[0m [32m================[0m[37m====[0m [1m1s[0m 64ms/step - loss: 0.7851
[1m107/128[0m [32m================[0m[37m====[0m [1m1s[0m 64ms/step - loss: 0.7852
[1m108/128[0m [32m================[0m[37m====[0m [1m1s[0m 65ms/step - loss: 0.7853
[1m109/128[0m [32m=================[0m[37m===[0m [1m1s[0m 65ms/step - loss: 0.7854
[1m110/128[0m [32m=================[0m[37m===[0m [1m1s[0m 65ms/step - loss: 0.7854
[1m111/128[0m [32m=================[0m[37m===[0m [1m1s[0m 65ms/step - loss: 0.7854
[1m112/128[0m [32m=================[0m[37m===[0m [1m1s[0m 65ms/step - loss: 0.7854
[1m113/128[0m [32m=================[0m[37m===[0m [1m0s[0m 65ms/step - loss: 0.7857
[1m114/128[0m [32m=================[0m[37m===[0m [1m0s[0m 65ms/step - loss: 0.7859
[1m115/128[0m [32m=================[0m[37m===[0m [1m0s[0m 66ms/step - loss: 0.7862
[1m116/128[0m [32m==================[0m[37m==[0m [1m0s[0m 66ms/step - loss: 0.7864
[1m117/128[0m [32m==================[0m[37m==[0m [1m0s[0m 66ms/step - loss: 0.7865
[1m118/128[0m [32m==================[0m[37m==[0m [1m0s[0m 66ms/step - loss: 0.7867
[1m119/128[0m [32m==================[0m[37m==[0m [1m0s[0m 66ms/step - loss: 0.7868
[1m120/128[0m [32m==================[0m[37m==[0m [1m0s[0m 66ms/step - loss: 0.7869
[1m121/128[0m [32m==================[0m[37m==[0m [1m0s[0m 66ms/step - loss: 0.7869
[1m122/128[0m [32m===================[0m[37m=[0m [1m0s[0m 66ms/step - loss: 0.7870
[1m123/128[0m [32m===================[0m[37m=[0m [1m0s[0m 66ms/step - loss: 0.7870
[1m124/128[0m [32m===================[0m[37m=[0m [1m0s[0m 67ms/step - loss: 0.7870
[1m125/128[0m [32m===================[0m[37m=[0m [1m0s[0m 67ms/step - loss: 0.7870
[1m126/128[0m [32m===================[0m[37m=[0m [1m0s[0m 67ms/step - loss: 0.7870
[1m127/128[0m [32m===================[0m[37m=[0m [1m0s[0m 67ms/step - loss: 0.7870
[1m128/128[0m [32m====================[0m[37m[0m [1m0s[0m 67ms/step - loss: 0.7873
[1m128/128[0m [32m====================[0m[37m[0m [1m10s[0m 78ms/step - loss: 0.8258 - val_loss: 0.8887
Epoch 6/12

[1m  1/128[0m [37m====================[0m [1m52s[0m 410ms/step - loss: 0.5381
[1m  2/128[0m [37m====================[0m [1m7s[0m 60ms/step - loss: 1.5606  
[1m  3/128[0m [37m====================[0m [1m7s[0m 59ms/step - loss: 1.7396
[1m  4/128[0m [37m====================[0m [1m7s[0m 59ms/step - loss: 1.7430
[1m  5/128[0m [37m====================[0m [1m7s[0m 62ms/step - loss: 1.6976
[1m  6/128[0m [37m====================[0m [1m7s[0m 60ms/step - loss: 1.6574
[1m  7/128[0m [32m=[0m[37m===================[0m [1m7s[0m 60ms/step - loss: 1.6086
[1m  8/128[0m [32m=[0m[37m===================[0m [1m7s[0m 59ms/step - loss: 1.5706
[1m  9/128[0m [32m=[0m[37m===================[0m [1m6s[0m 58ms/step - loss: 1.5325
[1m 11/128[0m [32m=[0m[37m===================[0m [1m6s[0m 56ms/step - loss: 1.4559
[1m 13/128[0m [32m==[0m[37m==================[0m [1m6s[0m 55ms/step - loss: 1.3859
[1m 14/128[0m [32m==[0m[37m==================[0m [1m6s[0m 54ms/step - loss: 1.3544
[1m 16/128[0m [32m==[0m[37m==================[0m [1m5s[0m 53ms/step - loss: 1.2960
[1m 18/128[0m [32m==[0m[37m==================[0m [1m5s[0m 52ms/step - loss: 1.2799
[1m 19/128[0m [32m==[0m[37m==================[0m [1m5s[0m 52ms/step - loss: 1.2865
[1m 21/128[0m [32m===[0m[37m=================[0m [1m5s[0m 52ms/step - loss: 1.2909
[1m 23/128[0m [32m===[0m[37m=================[0m [1m5s[0m 52ms/step - loss: 1.2878
[1m 25/128[0m [32m===[0m[37m=================[0m [1m5s[0m 51ms/step - loss: 1.2840
[1m 26/128[0m [32m====[0m[37m================[0m [1m5s[0m 51ms/step - loss: 1.2807
[1m 27/128[0m [32m====[0m[37m================[0m [1m5s[0m 51ms/step - loss: 1.2765
[1m 29/128[0m [32m====[0m[37m================[0m [1m5s[0m 51ms/step - loss: 1.2663
[1m 30/128[0m [32m====[0m[37m================[0m [1m5s[0m 51ms/step - loss: 1.2606
[1m 32/128[0m [32m=====[0m[37m===============[0m [1m4s[0m 51ms/step - loss: 1.2484
[1m 34/128[0m [32m=====[0m[37m===============[0m [1m4s[0m 51ms/step - loss: 1.2455
[1m 36/128[0m [32m=====[0m[37m===============[0m [1m4s[0m 50ms/step - loss: 1.2406
[1m 37/128[0m [32m=====[0m[37m===============[0m [1m4s[0m 50ms/step - loss: 1.2376
[1m 39/128[0m [32m======[0m[37m==============[0m [1m4s[0m 50ms/step - loss: 1.2306
[1m 41/128[0m [32m======[0m[37m==============[0m [1m4s[0m 50ms/step - loss: 1.2228
[1m 43/128[0m [32m======[0m[37m==============[0m [1m4s[0m 50ms/step - loss: 1.2144
[1m 45/128[0m [32m=======[0m[37m=============[0m [1m4s[0m 50ms/step - loss: 1.2057
[1m 47/128[0m [32m=======[0m[37m=============[0m [1m4s[0m 50ms/step - loss: 1.1969
[1m 48/128[0m [32m=======[0m[37m=============[0m [1m4s[0m 50ms/step - loss: 1.1925
[1m 49/128[0m [32m=======[0m[37m=============[0m [1m3s[0m 51ms/step - loss: 1.1881
[1m 50/128[0m [32m=======[0m[37m=============[0m [1m3s[0m 51ms/step - loss: 1.1836
[1m 51/128[0m [32m=======[0m[37m=============[0m [1m3s[0m 51ms/step - loss: 1.1792
[1m 52/128[0m [32m========[0m[37m============[0m [1m3s[0m 52ms/step - loss: 1.1748
[1m 53/128[0m [32m========[0m[37m============[0m [1m3s[0m 53ms/step - loss: 1.1703
[1m 54/128[0m [32m========[0m[37m============[0m [1m3s[0m 53ms/step - loss: 1.1659
[1m 55/128[0m [32m========[0m[37m============[0m [1m3s[0m 53ms/step - loss: 1.1615
[1m 56/128[0m [32m========[0m[37m============[0m [1m3s[0m 54ms/step - loss: 1.1571
[1m 57/128[0m [32m========[0m[37m============[0m [1m3s[0m 54ms/step - loss: 1.1527
[1m 58/128[0m [32m=========[0m[37m===========[0m [1m3s[0m 55ms/step - loss: 1.1484
[1m 59/128[0m [32m=========[0m[37m===========[0m [1m3s[0m 55ms/step - loss: 1.1442
[1m 60/128[0m [32m=========[0m[37m===========[0m [1m3s[0m 55ms/step - loss: 1.1401
[1m 61/128[0m [32m=========[0m[37m===========[0m [1m3s[0m 56ms/step - loss: 1.1359
[1m 62/128[0m [32m=========[0m[37m===========[0m [1m3s[0m 56ms/step - loss: 1.1318
[1m 63/128[0m [32m=========[0m[37m===========[0m [1m3s[0m 57ms/step - loss: 1.1278
[1m 64/128[0m [32m==========[0m[37m==========[0m [1m3s[0m 57ms/step - loss: 1.1246
[1m 65/128[0m [32m==========[0m[37m==========[0m [1m3s[0m 58ms/step - loss: 1.1214
[1m 66/128[0m [32m==========[0m[37m==========[0m [1m3s[0m 58ms/step - loss: 1.1182
[1m 67/128[0m [32m==========[0m[37m==========[0m [1m3s[0m 58ms/step - loss: 1.1150
[1m 68/128[0m [32m==========[0m[37m==========[0m [1m3s[0m 58ms/step - loss: 1.1118
[1m 69/128[0m [32m==========[0m[37m==========[0m [1m3s[0m 59ms/step - loss: 1.1094
[1m 70/128[0m [32m==========[0m[37m==========[0m [1m3s[0m 59ms/step - loss: 1.1069
[1m 71/128[0m [32m===========[0m[37m=========[0m [1m3s[0m 59ms/step - loss: 1.1045
[1m 72/128[0m [32m===========[0m[37m=========[0m [1m3s[0m 59ms/step - loss: 1.1020
[1m 73/128[0m [32m===========[0m[37m=========[0m [1m3s[0m 60ms/step - loss: 1.0996
[1m 74/128[0m [32m===========[0m[37m=========[0m [1m3s[0m 60ms/step - loss: 1.0971
[1m 75/128[0m [32m===========[0m[37m=========[0m [1m3s[0m 60ms/step - loss: 1.0945
[1m 76/128[0m [32m===========[0m[37m=========[0m [1m3s[0m 60ms/step - loss: 1.0920
[1m 77/128[0m [32m============[0m[37m========[0m [1m3s[0m 61ms/step - loss: 1.0894
[1m 78/128[0m [32m============[0m[37m========[0m [1m3s[0m 61ms/step - loss: 1.0868
[1m 79/128[0m [32m============[0m[37m========[0m [1m2s[0m 61ms/step - loss: 1.0842
[1m 80/128[0m [32m============[0m[37m========[0m [1m2s[0m 61ms/step - loss: 1.0816
[1m 81/128[0m [32m============[0m[37m========[0m [1m2s[0m 61ms/step - loss: 1.0791
[1m 82/128[0m [32m============[0m[37m========[0m [1m2s[0m 61ms/step - loss: 1.0765
[1m 83/128[0m [32m============[0m[37m========[0m [1m2s[0m 62ms/step - loss: 1.0740
[1m 84/128[0m [32m=============[0m[37m=======[0m [1m2s[0m 62ms/step - loss: 1.0715
[1m 85/128[0m [32m=============[0m[37m=======[0m [1m2s[0m 62ms/step - loss: 1.0690
[1m 86/128[0m [32m=============[0m[37m=======[0m [1m2s[0m 62ms/step - loss: 1.0665
[1m 87/128[0m [32m=============[0m[37m=======[0m [1m2s[0m 62ms/step - loss: 1.0640
[1m 88/128[0m [32m=============[0m[37m=======[0m [1m2s[0m 62ms/step - loss: 1.0616
[1m 89/128[0m [32m=============[0m[37m=======[0m [1m2s[0m 62ms/step - loss: 1.0594
[1m 90/128[0m [32m==============[0m[37m======[0m [1m2s[0m 62ms/step - loss: 1.0578
[1m 91/128[0m [32m==============[0m[37m======[0m [1m2s[0m 62ms/step - loss: 1.0561
[1m 92/128[0m [32m==============[0m[37m======[0m [1m2s[0m 62ms/step - loss: 1.0545
[1m 93/128[0m [32m==============[0m[37m======[0m [1m2s[0m 62ms/step - loss: 1.0528
[1m 94/128[0m [32m==============[0m[37m======[0m [1m2s[0m 62ms/step - loss: 1.0511
[1m 95/128[0m [32m==============[0m[37m======[0m [1m2s[0m 62ms/step - loss: 1.0494
[1m 96/128[0m [32m===============[0m[37m=====[0m [1m1s[0m 62ms/step - loss: 1.0478
[1m 97/128[0m [32m===============[0m[37m=====[0m [1m1s[0m 62ms/step - loss: 1.0461
[1m 98/128[0m [32m===============[0m[37m=====[0m [1m1s[0m 62ms/step - loss: 1.0445
[1m 99/128[0m [32m===============[0m[37m=====[0m [1m1s[0m 62ms/step - loss: 1.0428
[1m100/128[0m [32m===============[0m[37m=====[0m [1m1s[0m 62ms/step - loss: 1.0411
[1m101/128[0m [32m===============[0m[37m=====[0m [1m1s[0m 62ms/step - loss: 1.0395
[1m102/128[0m [32m===============[0m[37m=====[0m [1m1s[0m 62ms/step - loss: 1.0379
[1m103/128[0m [32m================[0m[37m====[0m [1m1s[0m 63ms/step - loss: 1.0362
[1m104/128[0m [32m================[0m[37m====[0m [1m1s[0m 63ms/step - loss: 1.0345
[1m105/128[0m [32m================[0m[37m====[0m [1m1s[0m 63ms/step - loss: 1.0329
[1m106/128[0m [32m================[0m[37m====[0m [1m1s[0m 63ms/step - loss: 1.0312
[1m107/128[0m [32m================[0m[37m====[0m [1m1s[0m 63ms/step - loss: 1.0295
[1m108/128[0m [32m================[0m[37m====[0m [1m1s[0m 63ms/step - loss: 1.0278
[1m109/128[0m [32m=================[0m[37m===[0m [1m1s[0m 63ms/step - loss: 1.0261
[1m110/128[0m [32m=================[0m[37m===[0m [1m1s[0m 63ms/step - loss: 1.0244
[1m111/128[0m [32m=================[0m[37m===[0m [1m1s[0m 63ms/step - loss: 1.0227
[1m112/128[0m [32m=================[0m[37m===[0m [1m1s[0m 63ms/step - loss: 1.0210
[1m113/128[0m [32m=================[0m[37m===[0m [1m0s[0m 63ms/step - loss: 1.0193
[1m114/128[0m [32m=================[0m[37m===[0m [1m0s[0m 63ms/step - loss: 1.0176
[1m115/128[0m [32m=================[0m[37m===[0m [1m0s[0m 63ms/step - loss: 1.0160
[1m116/128[0m [32m==================[0m[37m==[0m [1m0s[0m 63ms/step - loss: 1.0143
[1m118/128[0m [32m==================[0m[37m==[0m [1m0s[0m 63ms/step - loss: 1.0111
[1m119/128[0m [32m==================[0m[37m==[0m [1m0s[0m 63ms/step - loss: 1.0094
[1m120/128[0m [32m==================[0m[37m==[0m [1m0s[0m 63ms/step - loss: 1.0078
[1m121/128[0m [32m==================[0m[37m==[0m [1m0s[0m 63ms/step - loss: 1.0064
[1m122/128[0m [32m===================[0m[37m=[0m [1m0s[0m 64ms/step - loss: 1.0049
[1m123/128[0m [32m===================[0m[37m=[0m [1m0s[0m 64ms/step - loss: 1.0035
[1m124/128[0m [32m===================[0m[37m=[0m [1m0s[0m 64ms/step - loss: 1.0021
[1m125/128[0m [32m===================[0m[37m=[0m [1m0s[0m 64ms/step - loss: 1.0007
[1m126/128[0m [32m===================[0m[37m=[0m [1m0s[0m 64ms/step - loss: 0.9992
[1m127/128[0m [32m===================[0m[37m=[0m [1m0s[0m 64ms/step - loss: 0.9978
[1m128/128[0m [32m====================[0m[37m[0m [1m0s[0m 64ms/step - loss: 0.9964
[1m128/128[0m [32m====================[0m[37m[0m [1m10s[0m 75ms/step - loss: 0.8157 - val_loss: 0.8787
Epoch 7/12

[1m  1/128[0m [37m====================[0m [1m1:42[0m 806ms/step - loss: 0.4639
[1m  2/128[0m [37m====================[0m [1m6s[0m 53ms/step - loss: 0.4323   
[1m  4/128[0m [37m====================[0m [1m5s[0m 48ms/step - loss: 0.4285
[1m  6/128[0m [37m====================[0m [1m6s[0m 50ms/step - loss: 0.4444
[1m  8/128[0m [32m=[0m[37m===================[0m [1m5s[0m 48ms/step - loss: 0.4557
[1m 10/128[0m [32m=[0m[37m===================[0m [1m5s[0m 47ms/step - loss: 0.4634
[1m 12/128[0m [32m=[0m[37m===================[0m [1m5s[0m 47ms/step - loss: 0.4681
[1m 14/128[0m [32m==[0m[37m==================[0m [1m5s[0m 46ms/step - loss: 0.4924
[1m 15/128[0m [32m==[0m[37m==================[0m [1m5s[0m 46ms/step - loss: 0.5110
[1m 17/128[0m [32m==[0m[37m==================[0m [1m5s[0m 46ms/step - loss: 0.5373
[1m 19/128[0m [32m==[0m[37m==================[0m [1m4s[0m 45ms/step - loss: 0.5548
[1m 20/128[0m [32m===[0m[37m=================[0m [1m4s[0m 46ms/step - loss: 0.5611
[1m 22/128[0m [32m===[0m[37m=================[0m [1m4s[0m 45ms/step - loss: 0.5741
[1m 24/128[0m [32m===[0m[37m=================[0m [1m4s[0m 45ms/step - loss: 0.5838
[1m 26/128[0m [32m====[0m[37m================[0m [1m4s[0m 45ms/step - loss: 0.5903
[1m 28/128[0m [32m====[0m[37m================[0m [1m4s[0m 45ms/step - loss: 0.5948
[1m 30/128[0m [32m====[0m[37m================[0m [1m4s[0m 45ms/step - loss: 0.5991
[1m 32/128[0m [32m=====[0m[37m===============[0m [1m4s[0m 45ms/step - loss: 0.6054
[1m 34/128[0m [32m=====[0m[37m===============[0m [1m4s[0m 45ms/step - loss: 0.6134
[1m 36/128[0m [32m=====[0m[37m===============[0m [1m4s[0m 45ms/step - loss: 0.6202
[1m 37/128[0m [32m=====[0m[37m===============[0m [1m4s[0m 45ms/step - loss: 0.6233
[1m 39/128[0m [32m======[0m[37m==============[0m [1m3s[0m 45ms/step - loss: 0.6285
[1m 41/128[0m [32m======[0m[37m==============[0m [1m3s[0m 45ms/step - loss: 0.6323
[1m 43/128[0m [32m======[0m[37m==============[0m [1m3s[0m 45ms/step - loss: 0.6354
[1m 45/128[0m [32m=======[0m[37m=============[0m [1m3s[0m 45ms/step - loss: 0.6376
[1m 47/128[0m [32m=======[0m[37m=============[0m [1m3s[0m 45ms/step - loss: 0.6394
[1m 49/128[0m [32m=======[0m[37m=============[0m [1m3s[0m 45ms/step - loss: 0.6406
[1m 51/128[0m [32m=======[0m[37m=============[0m [1m3s[0m 44ms/step - loss: 0.6412
[1m 52/128[0m [32m========[0m[37m============[0m [1m3s[0m 45ms/step - loss: 0.6413
[1m 53/128[0m [32m========[0m[37m============[0m [1m3s[0m 46ms/step - loss: 0.6414
[1m 54/128[0m [32m========[0m[37m============[0m [1m3s[0m 46ms/step - loss: 0.6416
[1m 55/128[0m [32m========[0m[37m============[0m [1m3s[0m 46ms/step - loss: 0.6417
[1m 56/128[0m [32m========[0m[37m============[0m [1m3s[0m 47ms/step - loss: 0.6418
[1m 57/128[0m [32m========[0m[37m============[0m [1m3s[0m 48ms/step - loss: 0.6418
[1m 58/128[0m [32m=========[0m[37m===========[0m [1m3s[0m 48ms/step - loss: 0.6417
[1m 59/128[0m [32m=========[0m[37m===========[0m [1m3s[0m 49ms/step - loss: 0.6417
[1m 60/128[0m [32m=========[0m[37m===========[0m [1m3s[0m 49ms/step - loss: 0.6416
[1m 61/128[0m [32m=========[0m[37m===========[0m [1m3s[0m 50ms/step - loss: 0.6415
[1m 62/128[0m [32m=========[0m[37m===========[0m [1m3s[0m 50ms/step - loss: 0.6413
[1m 63/128[0m [32m=========[0m[37m===========[0m [1m3s[0m 51ms/step - loss: 0.6426
[1m 64/128[0m [32m==========[0m[37m==========[0m [1m3s[0m 51ms/step - loss: 0.6445
[1m 65/128[0m [32m==========[0m[37m==========[0m [1m3s[0m 52ms/step - loss: 0.6464
[1m 66/128[0m [32m==========[0m[37m==========[0m [1m3s[0m 52ms/step - loss: 0.6481
[1m 67/128[0m [32m==========[0m[37m==========[0m [1m3s[0m 52ms/step - loss: 0.6500
[1m 68/128[0m [32m==========[0m[37m==========[0m [1m3s[0m 53ms/step - loss: 0.6517
[1m 69/128[0m [32m==========[0m[37m==========[0m [1m3s[0m 53ms/step - loss: 0.6534
[1m 70/128[0m [32m==========[0m[37m==========[0m [1m3s[0m 53ms/step - loss: 0.6550
[1m 71/128[0m [32m===========[0m[37m=========[0m [1m3s[0m 53ms/step - loss: 0.6569
[1m 72/128[0m [32m===========[0m[37m=========[0m [1m3s[0m 54ms/step - loss: 0.6588
[1m 73/128[0m [32m===========[0m[37m=========[0m [1m2s[0m 54ms/step - loss: 0.6605
[1m 74/128[0m [32m===========[0m[37m=========[0m [1m2s[0m 55ms/step - loss: 0.6621
[1m 75/128[0m [32m===========[0m[37m=========[0m [1m2s[0m 55ms/step - loss: 0.6636
[1m 76/128[0m [32m===========[0m[37m=========[0m [1m2s[0m 56ms/step - loss: 0.6650
[1m 77/128[0m [32m============[0m[37m========[0m [1m2s[0m 56ms/step - loss: 0.6662
[1m 78/128[0m [32m============[0m[37m========[0m [1m2s[0m 56ms/step - loss: 0.6674
[1m 79/128[0m [32m============[0m[37m========[0m [1m2s[0m 56ms/step - loss: 0.6688
[1m 80/128[0m [32m============[0m[37m========[0m [1m2s[0m 56ms/step - loss: 0.6702
[1m 81/128[0m [32m============[0m[37m========[0m [1m2s[0m 56ms/step - loss: 0.6714
[1m 82/128[0m [32m============[0m[37m========[0m [1m2s[0m 57ms/step - loss: 0.6726
[1m 83/128[0m [32m============[0m[37m========[0m [1m2s[0m 57ms/step - loss: 0.6737
[1m 84/128[0m [32m=============[0m[37m=======[0m [1m2s[0m 57ms/step - loss: 0.6747
[1m 85/128[0m [32m=============[0m[37m=======[0m [1m2s[0m 57ms/step - loss: 0.6757
[1m 86/128[0m [32m=============[0m[37m=======[0m [1m2s[0m 58ms/step - loss: 0.6765
[1m 87/128[0m [32m=============[0m[37m=======[0m [1m2s[0m 58ms/step - loss: 0.6780
[1m 88/128[0m [32m=============[0m[37m=======[0m [1m2s[0m 58ms/step - loss: 0.6793
[1m 89/128[0m [32m=============[0m[37m=======[0m [1m2s[0m 58ms/step - loss: 0.6806
[1m 90/128[0m [32m==============[0m[37m======[0m [1m2s[0m 58ms/step - loss: 0.6818
[1m 91/128[0m [32m==============[0m[37m======[0m [1m2s[0m 59ms/step - loss: 0.6830
[1m 92/128[0m [32m==============[0m[37m======[0m [1m2s[0m 59ms/step - loss: 0.6842
[1m 93/128[0m [32m==============[0m[37m======[0m [1m2s[0m 59ms/step - loss: 0.6853
[1m 94/128[0m [32m==============[0m[37m======[0m [1m2s[0m 59ms/step - loss: 0.6863
[1m 95/128[0m [32m==============[0m[37m======[0m [1m1s[0m 59ms/step - loss: 0.6879
[1m 96/128[0m [32m===============[0m[37m=====[0m [1m1s[0m 59ms/step - loss: 0.6895
[1m 97/128[0m [32m===============[0m[37m=====[0m [1m1s[0m 59ms/step - loss: 0.6909
[1m 98/128[0m [32m===============[0m[37m=====[0m [1m1s[0m 60ms/step - loss: 0.6923
[1m 99/128[0m [32m===============[0m[37m=====[0m [1m1s[0m 60ms/step - loss: 0.6937
[1m100/128[0m [32m===============[0m[37m=====[0m [1m1s[0m 60ms/step - loss: 0.6949
[1m101/128[0m [32m===============[0m[37m=====[0m [1m1s[0m 60ms/step - loss: 0.6962
[1m102/128[0m [32m===============[0m[37m=====[0m [1m1s[0m 60ms/step - loss: 0.6973
[1m103/128[0m [32m================[0m[37m====[0m [1m1s[0m 60ms/step - loss: 0.6984
[1m104/128[0m [32m================[0m[37m====[0m [1m1s[0m 60ms/step - loss: 0.6995
[1m105/128[0m [32m================[0m[37m====[0m [1m1s[0m 60ms/step - loss: 0.7006
[1m106/128[0m [32m================[0m[37m====[0m [1m1s[0m 61ms/step - loss: 0.7015
[1m107/128[0m [32m================[0m[37m====[0m [1m1s[0m 61ms/step - loss: 0.7025
[1m108/128[0m [32m================[0m[37m====[0m [1m1s[0m 61ms/step - loss: 0.7033
[1m109/128[0m [32m=================[0m[37m===[0m [1m1s[0m 61ms/step - loss: 0.7042
[1m110/128[0m [32m=================[0m[37m===[0m [1m1s[0m 61ms/step - loss: 0.7052
[1m111/128[0m [32m=================[0m[37m===[0m [1m1s[0m 61ms/step - loss: 0.7062
[1m112/128[0m [32m=================[0m[37m===[0m [1m0s[0m 61ms/step - loss: 0.7072
[1m113/128[0m [32m=================[0m[37m===[0m [1m0s[0m 61ms/step - loss: 0.7081
[1m114/128[0m [32m=================[0m[37m===[0m [1m0s[0m 62ms/step - loss: 0.7090
[1m115/128[0m [32m=================[0m[37m===[0m [1m0s[0m 62ms/step - loss: 0.7099
[1m116/128[0m [32m==================[0m[37m==[0m [1m0s[0m 62ms/step - loss: 0.7107
[1m117/128[0m [32m==================[0m[37m==[0m [1m0s[0m 62ms/step - loss: 0.7114
[1m118/128[0m [32m==================[0m[37m==[0m [1m0s[0m 62ms/step - loss: 0.7122
[1m119/128[0m [32m==================[0m[37m==[0m [1m0s[0m 62ms/step - loss: 0.7129
[1m120/128[0m [32m==================[0m[37m==[0m [1m0s[0m 63ms/step - loss: 0.7135
[1m121/128[0m [32m==================[0m[37m==[0m [1m0s[0m 63ms/step - loss: 0.7142
[1m122/128[0m [32m===================[0m[37m=[0m [1m0s[0m 63ms/step - loss: 0.7148
[1m123/128[0m [32m===================[0m[37m=[0m [1m0s[0m 63ms/step - loss: 0.7157
[1m124/128[0m [32m===================[0m[37m=[0m [1m0s[0m 63ms/step - loss: 0.7165
[1m125/128[0m [32m===================[0m[37m=[0m [1m0s[0m 63ms/step - loss: 0.7173
[1m126/128[0m [32m===================[0m[37m=[0m [1m0s[0m 63ms/step - loss: 0.7181
[1m127/128[0m [32m===================[0m[37m=[0m [1m0s[0m 63ms/step - loss: 0.7188
[1m128/128[0m [32m====================[0m[37m[0m [1m0s[0m 63ms/step - loss: 0.7195
[1m128/128[0m [32m====================[0m[37m[0m [1m10s[0m 74ms/step - loss: 0.8053 - val_loss: 0.8678
Epoch 8/12

[1m  1/128[0m [37m====================[0m [1m18s[0m 145ms/step - loss: 0.4039
[1m  3/128[0m [37m====================[0m [1m5s[0m 43ms/step - loss: 0.9285  
[1m  5/128[0m [37m====================[0m [1m5s[0m 41ms/step - loss: 1.1102
[1m  7/128[0m [32m=[0m[37m===================[0m [1m4s[0m 41ms/step - loss: 1.0960
[1m  9/128[0m [32m=[0m[37m===================[0m [1m4s[0m 42ms/step - loss: 1.0594
[1m 11/128[0m [32m=[0m[37m===================[0m [1m4s[0m 42ms/step - loss: 1.0229
[1m 13/128[0m [32m==[0m[37m==================[0m [1m4s[0m 43ms/step - loss: 0.9877
[1m 15/128[0m [32m==[0m[37m==================[0m [1m4s[0m 44ms/step - loss: 0.9710
[1m 17/128[0m [32m==[0m[37m==================[0m [1m4s[0m 44ms/step - loss: 0.9534
[1m 19/128[0m [32m==[0m[37m==================[0m [1m4s[0m 44ms/step - loss: 0.9494
[1m 21/128[0m [32m===[0m[37m=================[0m [1m4s[0m 44ms/step - loss: 0.9553
[1m 22/128[0m [32m===[0m[37m=================[0m [1m4s[0m 44ms/step - loss: 0.9564
[1m 24/128[0m [32m===[0m[37m=================[0m [1m4s[0m 44ms/step - loss: 0.9554
[1m 26/128[0m [32m====[0m[37m================[0m [1m4s[0m 44ms/step - loss: 0.9515
[1m 28/128[0m [32m====[0m[37m================[0m [1m4s[0m 44ms/step - loss: 0.9456
[1m 30/128[0m [32m====[0m[37m================[0m [1m4s[0m 44ms/step - loss: 0.9387
[1m 32/128[0m [32m=====[0m[37m===============[0m [1m4s[0m 44ms/step - loss: 0.9311
[1m 34/128[0m [32m=====[0m[37m===============[0m [1m4s[0m 44ms/step - loss: 0.9228
[1m 36/128[0m [32m=====[0m[37m===============[0m [1m4s[0m 44ms/step - loss: 0.9144
[1m 37/128[0m [32m=====[0m[37m===============[0m [1m4s[0m 45ms/step - loss: 0.9101
[1m 38/128[0m [32m=====[0m[37m===============[0m [1m4s[0m 46ms/step - loss: 0.9060
[1m 39/128[0m [32m======[0m[37m==============[0m [1m4s[0m 47ms/step - loss: 0.9019
[1m 40/128[0m [32m======[0m[37m==============[0m [1m4s[0m 47ms/step - loss: 0.8976
[1m 41/128[0m [32m======[0m[37m==============[0m [1m4s[0m 48ms/step - loss: 0.8935
[1m 42/128[0m [32m======[0m[37m==============[0m [1m4s[0m 49ms/step - loss: 0.8894
[1m 43/128[0m [32m======[0m[37m==============[0m [1m4s[0m 50ms/step - loss: 0.8854
[1m 44/128[0m [32m======[0m[37m==============[0m [1m4s[0m 50ms/step - loss: 0.8833
[1m 45/128[0m [32m=======[0m[37m=============[0m [1m4s[0m 50ms/step - loss: 0.8817
[1m 46/128[0m [32m=======[0m[37m=============[0m [1m4s[0m 51ms/step - loss: 0.8800
[1m 47/128[0m [32m=======[0m[37m=============[0m [1m4s[0m 52ms/step - loss: 0.8782
[1m 48/128[0m [32m=======[0m[37m=============[0m [1m4s[0m 52ms/step - loss: 0.8764
[1m 49/128[0m [32m=======[0m[37m=============[0m [1m4s[0m 53ms/step - loss: 0.8745
[1m 50/128[0m [32m=======[0m[37m=============[0m [1m4s[0m 53ms/step - loss: 0.8725
[1m 51/128[0m [32m=======[0m[37m=============[0m [1m4s[0m 54ms/step - loss: 0.8705
[1m 52/128[0m [32m========[0m[37m============[0m [1m4s[0m 54ms/step - loss: 0.8687
[1m 53/128[0m [32m========[0m[37m============[0m [1m4s[0m 55ms/step - loss: 0.8669
[1m 54/128[0m [32m========[0m[37m============[0m [1m4s[0m 55ms/step - loss: 0.8650
[1m 55/128[0m [32m========[0m[37m============[0m [1m4s[0m 56ms/step - loss: 0.8631
[1m 56/128[0m [32m========[0m[37m============[0m [1m4s[0m 56ms/step - loss: 0.8626
[1m 57/128[0m [32m========[0m[37m============[0m [1m4s[0m 56ms/step - loss: 0.8620
[1m 58/128[0m [32m=========[0m[37m===========[0m [1m3s[0m 57ms/step - loss: 0.8615
[1m 59/128[0m [32m=========[0m[37m===========[0m [1m3s[0m 57ms/step - loss: 0.8608
[1m 60/128[0m [32m=========[0m[37m===========[0m [1m3s[0m 57ms/step - loss: 0.8600
[1m 61/128[0m [32m=========[0m[37m===========[0m [1m3s[0m 58ms/step - loss: 0.8592
[1m 62/128[0m [32m=========[0m[37m===========[0m [1m3s[0m 58ms/step - loss: 0.8583
[1m 63/128[0m [32m=========[0m[37m===========[0m [1m3s[0m 58ms/step - loss: 0.8573
[1m 64/128[0m [32m==========[0m[37m==========[0m [1m3s[0m 59ms/step - loss: 0.8562
[1m 65/128[0m [32m==========[0m[37m==========[0m [1m3s[0m 59ms/step - loss: 0.8559
[1m 66/128[0m [32m==========[0m[37m==========[0m [1m3s[0m 59ms/step - loss: 0.8555
[1m 67/128[0m [32m==========[0m[37m==========[0m [1m3s[0m 59ms/step - loss: 0.8551
[1m 68/128[0m [32m==========[0m[37m==========[0m [1m3s[0m 60ms/step - loss: 0.8545
[1m 69/128[0m [32m==========[0m[37m==========[0m [1m3s[0m 60ms/step - loss: 0.8539
[1m 70/128[0m [32m==========[0m[37m==========[0m [1m3s[0m 61ms/step - loss: 0.8533
[1m 71/128[0m [32m===========[0m[37m=========[0m [1m3s[0m 61ms/step - loss: 0.8526
[1m 72/128[0m [32m===========[0m[37m=========[0m [1m3s[0m 61ms/step - loss: 0.8518
[1m 73/128[0m [32m===========[0m[37m=========[0m [1m3s[0m 61ms/step - loss: 0.8511
[1m 74/128[0m [32m===========[0m[37m=========[0m [1m3s[0m 62ms/step - loss: 0.8502
[1m 75/128[0m [32m===========[0m[37m=========[0m [1m3s[0m 62ms/step - loss: 0.8494
[1m 76/128[0m [32m===========[0m[37m=========[0m [1m3s[0m 62ms/step - loss: 0.8486
[1m 77/128[0m [32m============[0m[37m========[0m [1m3s[0m 62ms/step - loss: 0.8478
[1m 78/128[0m [32m============[0m[37m========[0m [1m3s[0m 62ms/step - loss: 0.8469
[1m 79/128[0m [32m============[0m[37m========[0m [1m3s[0m 63ms/step - loss: 0.8460
[1m 80/128[0m [32m============[0m[37m========[0m [1m3s[0m 63ms/step - loss: 0.8450
[1m 81/128[0m [32m============[0m[37m========[0m [1m2s[0m 63ms/step - loss: 0.8441
[1m 82/128[0m [32m============[0m[37m========[0m [1m2s[0m 63ms/step - loss: 0.8431
[1m 83/128[0m [32m============[0m[37m========[0m [1m2s[0m 63ms/step - loss: 0.8421
[1m 84/128[0m [32m=============[0m[37m=======[0m [1m2s[0m 64ms/step - loss: 0.8411
[1m 85/128[0m [32m=============[0m[37m=======[0m [1m2s[0m 64ms/step - loss: 0.8401
[1m 86/128[0m [32m=============[0m[37m=======[0m [1m2s[0m 64ms/step - loss: 0.8398
[1m 87/128[0m [32m=============[0m[37m=======[0m [1m2s[0m 64ms/step - loss: 0.8395
[1m 88/128[0m [32m=============[0m[37m=======[0m [1m2s[0m 64ms/step - loss: 0.8391
[1m 89/128[0m [32m=============[0m[37m=======[0m [1m2s[0m 64ms/step - loss: 0.8394
[1m 90/128[0m [32m==============[0m[37m======[0m [1m2s[0m 64ms/step - loss: 0.8396
[1m 91/128[0m [32m==============[0m[37m======[0m [1m2s[0m 64ms/step - loss: 0.8397
[1m 92/128[0m [32m==============[0m[37m======[0m [1m2s[0m 64ms/step - loss: 0.8398
[1m 93/128[0m [32m==============[0m[37m======[0m [1m2s[0m 64ms/step - loss: 0.8399
[1m 94/128[0m [32m==============[0m[37m======[0m [1m2s[0m 65ms/step - loss: 0.8399
[1m 95/128[0m [32m==============[0m[37m======[0m [1m2s[0m 65ms/step - loss: 0.8399
[1m 96/128[0m [32m===============[0m[37m=====[0m [1m2s[0m 65ms/step - loss: 0.8398
[1m 97/128[0m [32m===============[0m[37m=====[0m [1m2s[0m 65ms/step - loss: 0.8397
[1m 98/128[0m [32m===============[0m[37m=====[0m [1m1s[0m 65ms/step - loss: 0.8397
[1m 99/128[0m [32m===============[0m[37m=====[0m [1m1s[0m 65ms/step - loss: 0.8396
[1m100/128[0m [32m===============[0m[37m=====[0m [1m1s[0m 66ms/step - loss: 0.8394
[1m101/128[0m [32m===============[0m[37m=====[0m [1m1s[0m 66ms/step - loss: 0.8393
[1m102/128[0m [32m===============[0m[37m=====[0m [1m1s[0m 66ms/step - loss: 0.8392
[1m103/128[0m [32m================[0m[37m====[0m [1m1s[0m 66ms/step - loss: 0.8390
[1m104/128[0m [32m================[0m[37m====[0m [1m1s[0m 66ms/step - loss: 0.8388
[1m105/128[0m [32m================[0m[37m====[0m [1m1s[0m 66ms/step - loss: 0.8386
[1m106/128[0m [32m================[0m[37m====[0m [1m1s[0m 66ms/step - loss: 0.8383
[1m107/128[0m [32m================[0m[37m====[0m [1m1s[0m 66ms/step - loss: 0.8383
[1m108/128[0m [32m================[0m[37m====[0m [1m1s[0m 66ms/step - loss: 0.8384
[1m109/128[0m [32m=================[0m[37m===[0m [1m1s[0m 66ms/step - loss: 0.8385
[1m110/128[0m [32m=================[0m[37m===[0m [1m1s[0m 66ms/step - loss: 0.8387
[1m111/128[0m [32m=================[0m[37m===[0m [1m1s[0m 66ms/step - loss: 0.8388
[1m112/128[0m [32m=================[0m[37m===[0m [1m1s[0m 66ms/step - loss: 0.8388
[1m113/128[0m [32m=================[0m[37m===[0m [1m0s[0m 66ms/step - loss: 0.8389
[1m114/128[0m [32m=================[0m[37m===[0m [1m0s[0m 66ms/step - loss: 0.8389
[1m115/128[0m [32m=================[0m[37m===[0m [1m0s[0m 66ms/step - loss: 0.8389
[1m116/128[0m [32m==================[0m[37m==[0m [1m0s[0m 66ms/step - loss: 0.8388
[1m117/128[0m [32m==================[0m[37m==[0m [1m0s[0m 66ms/step - loss: 0.8387
[1m118/128[0m [32m==================[0m[37m==[0m [1m0s[0m 66ms/step - loss: 0.8386
[1m119/128[0m [32m==================[0m[37m==[0m [1m0s[0m 66ms/step - loss: 0.8385
[1m120/128[0m [32m==================[0m[37m==[0m [1m0s[0m 66ms/step - loss: 0.8384
[1m121/128[0m [32m==================[0m[37m==[0m [1m0s[0m 66ms/step - loss: 0.8382
[1m122/128[0m [32m===================[0m[37m=[0m [1m0s[0m 66ms/step - loss: 0.8380
[1m123/128[0m [32m===================[0m[37m=[0m [1m0s[0m 66ms/step - loss: 0.8377
[1m124/128[0m [32m===================[0m[37m=[0m [1m0s[0m 66ms/step - loss: 0.8375
[1m125/128[0m [32m===================[0m[37m=[0m [1m0s[0m 66ms/step - loss: 0.8372
[1m126/128[0m [32m===================[0m[37m=[0m [1m0s[0m 66ms/step - loss: 0.8370
[1m127/128[0m [32m===================[0m[37m=[0m [1m0s[0m 66ms/step - loss: 0.8367
[1m128/128[0m [32m====================[0m[37m[0m [1m0s[0m 67ms/step - loss: 0.8363
[1m128/128[0m [32m====================[0m[37m[0m [1m10s[0m 74ms/step - loss: 0.7956 - val_loss: 0.8581
Epoch 9/12

[1m  1/128[0m [37m====================[0m [1m1:54[0m 904ms/step - loss: 0.3188
[1m  2/128[0m [37m====================[0m [1m6s[0m 54ms/step - loss: 0.3434   
[1m  4/128[0m [37m====================[0m [1m6s[0m 52ms/step - loss: 0.3847
[1m  6/128[0m [37m====================[0m [1m6s[0m 50ms/step - loss: 0.4027
[1m  8/128[0m [32m=[0m[37m===================[0m [1m5s[0m 47ms/step - loss: 0.4148
[1m 10/128[0m [32m=[0m[37m===================[0m [1m5s[0m 46ms/step - loss: 0.4201
[1m 12/128[0m [32m=[0m[37m===================[0m [1m5s[0m 45ms/step - loss: 0.4603
[1m 14/128[0m [32m==[0m[37m==================[0m [1m5s[0m 45ms/step - loss: 0.5134
[1m 16/128[0m [32m==[0m[37m==================[0m [1m5s[0m 45ms/step - loss: 0.5738
[1m 17/128[0m [32m==[0m[37m==================[0m [1m5s[0m 45ms/step - loss: 0.5953
[1m 19/128[0m [32m==[0m[37m==================[0m [1m4s[0m 45ms/step - loss: 0.6272
[1m 21/128[0m [32m===[0m[37m=================[0m [1m4s[0m 45ms/step - loss: 0.6478
[1m 23/128[0m [32m===[0m[37m=================[0m [1m4s[0m 45ms/step - loss: 0.6640
[1m 25/128[0m [32m===[0m[37m=================[0m [1m4s[0m 45ms/step - loss: 0.6872
[1m 27/128[0m [32m====[0m[37m================[0m [1m4s[0m 45ms/step - loss: 0.7043
[1m 29/128[0m [32m====[0m[37m================[0m [1m4s[0m 45ms/step - loss: 0.7181
[1m 31/128[0m [32m====[0m[37m================[0m [1m4s[0m 45ms/step - loss: 0.7316
[1m 33/128[0m [32m=====[0m[37m===============[0m [1m4s[0m 45ms/step - loss: 0.7445
[1m 35/128[0m [32m=====[0m[37m===============[0m [1m4s[0m 44ms/step - loss: 0.7540
[1m 37/128[0m [32m=====[0m[37m===============[0m [1m4s[0m 45ms/step - loss: 0.7609
[1m 39/128[0m [32m======[0m[37m==============[0m [1m3s[0m 45ms/step - loss: 0.7723
[1m 41/128[0m [32m======[0m[37m==============[0m [1m3s[0m 44ms/step - loss: 0.7821
[1m 42/128[0m [32m======[0m[37m==============[0m [1m3s[0m 44ms/step - loss: 0.7863
[1m 44/128[0m [32m======[0m[37m==============[0m [1m3s[0m 44ms/step - loss: 0.7981
[1m 45/128[0m [32m=======[0m[37m=============[0m [1m3s[0m 45ms/step - loss: 0.8031
[1m 46/128[0m [32m=======[0m[37m=============[0m [1m3s[0m 46ms/step - loss: 0.8077
[1m 47/128[0m [32m=======[0m[37m=============[0m [1m3s[0m 47ms/step - loss: 0.8119
[1m 48/128[0m [32m=======[0m[37m=============[0m [1m3s[0m 47ms/step - loss: 0.8156
[1m 49/128[0m [32m=======[0m[37m=============[0m [1m3s[0m 48ms/step - loss: 0.8191
[1m 50/128[0m [32m=======[0m[37m=============[0m [1m3s[0m 49ms/step - loss: 0.8228
[1m 51/128[0m [32m=======[0m[37m=============[0m [1m3s[0m 49ms/step - loss: 0.8262
[1m 52/128[0m [32m========[0m[37m============[0m [1m3s[0m 50ms/step - loss: 0.8293
[1m 53/128[0m [32m========[0m[37m============[0m [1m3s[0m 50ms/step - loss: 0.8321
[1m 54/128[0m [32m========[0m[37m============[0m [1m3s[0m 51ms/step - loss: 0.8346
[1m 55/128[0m [32m========[0m[37m============[0m [1m3s[0m 51ms/step - loss: 0.8368
[1m 56/128[0m [32m========[0m[37m============[0m [1m3s[0m 52ms/step - loss: 0.8389
[1m 57/128[0m [32m========[0m[37m============[0m [1m3s[0m 52ms/step - loss: 0.8406
[1m 58/128[0m [32m=========[0m[37m===========[0m [1m3s[0m 53ms/step - loss: 0.8421
[1m 59/128[0m [32m=========[0m[37m===========[0m [1m3s[0m 53ms/step - loss: 0.8435
[1m 60/128[0m [32m=========[0m[37m===========[0m [1m3s[0m 53ms/step - loss: 0.8447
[1m 61/128[0m [32m=========[0m[37m===========[0m [1m3s[0m 54ms/step - loss: 0.8457
[1m 62/128[0m [32m=========[0m[37m===========[0m [1m3s[0m 54ms/step - loss: 0.8466
[1m 63/128[0m [32m=========[0m[37m===========[0m [1m3s[0m 55ms/step - loss: 0.8473
[1m 64/128[0m [32m==========[0m[37m==========[0m [1m3s[0m 55ms/step - loss: 0.8479
[1m 65/128[0m [32m==========[0m[37m==========[0m [1m3s[0m 55ms/step - loss: 0.8483
[1m 66/128[0m [32m==========[0m[37m==========[0m [1m3s[0m 56ms/step - loss: 0.8486
[1m 67/128[0m [32m==========[0m[37m==========[0m [1m3s[0m 56ms/step - loss: 0.8488
[1m 68/128[0m [32m==========[0m[37m==========[0m [1m3s[0m 56ms/step - loss: 0.8489
[1m 69/128[0m [32m==========[0m[37m==========[0m [1m3s[0m 57ms/step - loss: 0.8490
[1m 70/128[0m [32m==========[0m[37m==========[0m [1m3s[0m 57ms/step - loss: 0.8490
[1m 71/128[0m [32m===========[0m[37m=========[0m [1m3s[0m 57ms/step - loss: 0.8488
[1m 72/128[0m [32m===========[0m[37m=========[0m [1m3s[0m 57ms/step - loss: 0.8486
[1m 73/128[0m [32m===========[0m[37m=========[0m [1m3s[0m 58ms/step - loss: 0.8483
[1m 74/128[0m [32m===========[0m[37m=========[0m [1m3s[0m 58ms/step - loss: 0.8479
[1m 75/128[0m [32m===========[0m[37m=========[0m [1m3s[0m 58ms/step - loss: 0.8474
[1m 76/128[0m [32m===========[0m[37m=========[0m [1m3s[0m 59ms/step - loss: 0.8470
[1m 77/128[0m [32m============[0m[37m========[0m [1m3s[0m 59ms/step - loss: 0.8465
[1m 78/128[0m [32m============[0m[37m========[0m [1m2s[0m 59ms/step - loss: 0.8459
[1m 79/128[0m [32m============[0m[37m========[0m [1m2s[0m 59ms/step - loss: 0.8453
[1m 80/128[0m [32m============[0m[37m========[0m [1m2s[0m 60ms/step - loss: 0.8447
[1m 81/128[0m [32m============[0m[37m========[0m [1m2s[0m 60ms/step - loss: 0.8440
[1m 82/128[0m [32m============[0m[37m========[0m [1m2s[0m 60ms/step - loss: 0.8432
[1m 83/128[0m [32m============[0m[37m========[0m [1m2s[0m 60ms/step - loss: 0.8425
[1m 84/128[0m [32m=============[0m[37m=======[0m [1m2s[0m 61ms/step - loss: 0.8418
[1m 85/128[0m [32m=============[0m[37m=======[0m [1m2s[0m 61ms/step - loss: 0.8411
[1m 86/128[0m [32m=============[0m[37m=======[0m [1m2s[0m 61ms/step - loss: 0.8403
[1m 87/128[0m [32m=============[0m[37m=======[0m [1m2s[0m 61ms/step - loss: 0.8395
[1m 88/128[0m [32m=============[0m[37m=======[0m [1m2s[0m 61ms/step - loss: 0.8387
[1m 89/128[0m [32m=============[0m[37m=======[0m [1m2s[0m 62ms/step - loss: 0.8380
[1m 90/128[0m [32m==============[0m[37m======[0m [1m2s[0m 62ms/step - loss: 0.8373
[1m 91/128[0m [32m==============[0m[37m======[0m [1m2s[0m 62ms/step - loss: 0.8365
[1m 92/128[0m [32m==============[0m[37m======[0m [1m2s[0m 62ms/step - loss: 0.8358
[1m 93/128[0m [32m==============[0m[37m======[0m [1m2s[0m 62ms/step - loss: 0.8350
[1m 94/128[0m [32m==============[0m[37m======[0m [1m2s[0m 63ms/step - loss: 0.8342
[1m 95/128[0m [32m==============[0m[37m======[0m [1m2s[0m 63ms/step - loss: 0.8334
[1m 96/128[0m [32m===============[0m[37m=====[0m [1m2s[0m 63ms/step - loss: 0.8326
[1m 97/128[0m [32m===============[0m[37m=====[0m [1m1s[0m 63ms/step - loss: 0.8318
[1m 98/128[0m [32m===============[0m[37m=====[0m [1m1s[0m 63ms/step - loss: 0.8310
[1m 99/128[0m [32m===============[0m[37m=====[0m [1m1s[0m 64ms/step - loss: 0.8302
[1m100/128[0m [32m===============[0m[37m=====[0m [1m1s[0m 64ms/step - loss: 0.8294
[1m101/128[0m [32m===============[0m[37m=====[0m [1m1s[0m 64ms/step - loss: 0.8286
[1m102/128[0m [32m===============[0m[37m=====[0m [1m1s[0m 64ms/step - loss: 0.8277
[1m103/128[0m [32m================[0m[37m====[0m [1m1s[0m 64ms/step - loss: 0.8273
[1m104/128[0m [32m================[0m[37m====[0m [1m1s[0m 64ms/step - loss: 0.8268
[1m105/128[0m [32m================[0m[37m====[0m [1m1s[0m 65ms/step - loss: 0.8262
[1m106/128[0m [32m================[0m[37m====[0m [1m1s[0m 65ms/step - loss: 0.8257
[1m107/128[0m [32m================[0m[37m====[0m [1m1s[0m 65ms/step - loss: 0.8252
[1m108/128[0m [32m================[0m[37m====[0m [1m1s[0m 65ms/step - loss: 0.8251
[1m109/128[0m [32m=================[0m[37m===[0m [1m1s[0m 65ms/step - loss: 0.8250
[1m110/128[0m [32m=================[0m[37m===[0m [1m1s[0m 65ms/step - loss: 0.8249
[1m111/128[0m [32m=================[0m[37m===[0m [1m1s[0m 65ms/step - loss: 0.8248
[1m112/128[0m [32m=================[0m[37m===[0m [1m1s[0m 66ms/step - loss: 0.8246
[1m113/128[0m [32m=================[0m[37m===[0m [1m0s[0m 66ms/step - loss: 0.8244
[1m114/128[0m [32m=================[0m[37m===[0m [1m0s[0m 66ms/step - loss: 0.8242
[1m115/128[0m [32m=================[0m[37m===[0m [1m0s[0m 66ms/step - loss: 0.8242
[1m116/128[0m [32m==================[0m[37m==[0m [1m0s[0m 66ms/step - loss: 0.8241
[1m117/128[0m [32m==================[0m[37m==[0m [1m0s[0m 66ms/step - loss: 0.8240
[1m118/128[0m [32m==================[0m[37m==[0m [1m0s[0m 66ms/step - loss: 0.8238
[1m119/128[0m [32m==================[0m[37m==[0m [1m0s[0m 66ms/step - loss: 0.8237
[1m120/128[0m [32m==================[0m[37m==[0m [1m0s[0m 66ms/step - loss: 0.8235
[1m121/128[0m [32m==================[0m[37m==[0m [1m0s[0m 66ms/step - loss: 0.8233
[1m122/128[0m [32m===================[0m[37m=[0m [1m0s[0m 66ms/step - loss: 0.8230
[1m123/128[0m [32m===================[0m[37m=[0m [1m0s[0m 66ms/step - loss: 0.8228
[1m124/128[0m [32m===================[0m[37m=[0m [1m0s[0m 66ms/step - loss: 0.8225
[1m125/128[0m [32m===================[0m[37m=[0m [1m0s[0m 66ms/step - loss: 0.8223
[1m126/128[0m [32m===================[0m[37m=[0m [1m0s[0m 66ms/step - loss: 0.8221
[1m127/128[0m [32m===================[0m[37m=[0m [1m0s[0m 66ms/step - loss: 0.8219
[1m128/128[0m [32m====================[0m[37m[0m [1m0s[0m 66ms/step - loss: 0.8216
[1m128/128[0m [32m====================[0m[37m[0m [1m11s[0m 77ms/step - loss: 0.7869 - val_loss: 0.8467
Epoch 10/12

[1m  1/128[0m [37m====================[0m [1m19s[0m 151ms/step - loss: 0.3885
[1m  2/128[0m [37m====================[0m [1m6s[0m 52ms/step - loss: 0.4174  
[1m  4/128[0m [37m====================[0m [1m5s[0m 44ms/step - loss: 0.4372
[1m  6/128[0m [37m====================[0m [1m5s[0m 44ms/step - loss: 0.4365
[1m  7/128[0m [32m=[0m[37m===================[0m [1m5s[0m 45ms/step - loss: 0.4334
[1m  8/128[0m [32m=[0m[37m===================[0m [1m5s[0m 49ms/step - loss: 0.4309
[1m 10/128[0m [32m=[0m[37m===================[0m [1m6s[0m 51ms/step - loss: 0.4294
[1m 11/128[0m [32m=[0m[37m===================[0m [1m6s[0m 54ms/step - loss: 0.4286
[1m 12/128[0m [32m=[0m[37m===================[0m [1m6s[0m 57ms/step - loss: 0.4276
[1m 13/128[0m [32m==[0m[37m==================[0m [1m6s[0m 59ms/step - loss: 0.4269
[1m 14/128[0m [32m==[0m[37m==================[0m [1m6s[0m 59ms/step - loss: 0.4265
[1m 15/128[0m [32m==[0m[37m==================[0m [1m6s[0m 60ms/step - loss: 0.4262
[1m 16/128[0m [32m==[0m[37m==================[0m [1m6s[0m 61ms/step - loss: 0.4261
[1m 17/128[0m [32m==[0m[37m==================[0m [1m6s[0m 63ms/step - loss: 0.4267
[1m 18/128[0m [32m==[0m[37m==================[0m [1m6s[0m 64ms/step - loss: 0.4270
[1m 19/128[0m [32m==[0m[37m==================[0m [1m6s[0m 64ms/step - loss: 0.4291
[1m 20/128[0m [32m===[0m[37m=================[0m [1m6s[0m 65ms/step - loss: 0.4309
[1m 21/128[0m [32m===[0m[37m=================[0m [1m7s[0m 65ms/step - loss: 0.4325
[1m 22/128[0m [32m===[0m[37m=================[0m [1m6s[0m 66ms/step - loss: 0.4338
[1m 23/128[0m [32m===[0m[37m=================[0m [1m6s[0m 66ms/step - loss: 0.4349
[1m 24/128[0m [32m===[0m[37m=================[0m [1m6s[0m 67ms/step - loss: 0.4382
[1m 25/128[0m [32m===[0m[37m=================[0m [1m6s[0m 68ms/step - loss: 0.4481
[1m 26/128[0m [32m====[0m[37m================[0m [1m6s[0m 68ms/step - loss: 0.4567
[1m 27/128[0m [32m====[0m[37m================[0m [1m6s[0m 68ms/step - loss: 0.4642
[1m 28/128[0m [32m====[0m[37m================[0m [1m6s[0m 68ms/step - loss: 0.4716
[1m 29/128[0m [32m====[0m[37m================[0m [1m6s[0m 69ms/step - loss: 0.4782
[1m 30/128[0m [32m====[0m[37m================[0m [1m6s[0m 70ms/step - loss: 0.4849
[1m 31/128[0m [32m====[0m[37m================[0m [1m6s[0m 70ms/step - loss: 0.4948
[1m 32/128[0m [32m=====[0m[37m===============[0m [1m6s[0m 70ms/step - loss: 0.5037
[1m 33/128[0m [32m=====[0m[37m===============[0m [1m6s[0m 70ms/step - loss: 0.5117
[1m 34/128[0m [32m=====[0m[37m===============[0m [1m6s[0m 70ms/step - loss: 0.5188
[1m 35/128[0m [32m=====[0m[37m===============[0m [1m6s[0m 70ms/step - loss: 0.5252
[1m 36/128[0m [32m=====[0m[37m===============[0m [1m6s[0m 70ms/step - loss: 0.5336
[1m 37/128[0m [32m=====[0m[37m===============[0m [1m6s[0m 71ms/step - loss: 0.5412
[1m 38/128[0m [32m=====[0m[37m===============[0m [1m6s[0m 70ms/step - loss: 0.5482
[1m 39/128[0m [32m======[0m[37m==============[0m [1m6s[0m 71ms/step - loss: 0.5546
[1m 40/128[0m [32m======[0m[37m==============[0m [1m6s[0m 71ms/step - loss: 0.5604
[1m 41/128[0m [32m======[0m[37m==============[0m [1m6s[0m 71ms/step - loss: 0.5656
[1m 42/128[0m [32m======[0m[37m==============[0m [1m6s[0m 71ms/step - loss: 0.5704
[1m 43/128[0m [32m======[0m[37m==============[0m [1m6s[0m 71ms/step - loss: 0.5747
[1m 44/128[0m [32m======[0m[37m==============[0m [1m6s[0m 72ms/step - loss: 0.5787
[1m 45/128[0m [32m=======[0m[37m=============[0m [1m5s[0m 72ms/step - loss: 0.5823
[1m 46/128[0m [32m=======[0m[37m=============[0m [1m5s[0m 72ms/step - loss: 0.5864
[1m 47/128[0m [32m=======[0m[37m=============[0m [1m5s[0m 72ms/step - loss: 0.5902
[1m 48/128[0m [32m=======[0m[37m=============[0m [1m5s[0m 73ms/step - loss: 0.5938
[1m 49/128[0m [32m=======[0m[37m=============[0m [1m5s[0m 73ms/step - loss: 0.5972
[1m 50/128[0m [32m=======[0m[37m=============[0m [1m5s[0m 73ms/step - loss: 0.6003
[1m 51/128[0m [32m=======[0m[37m=============[0m [1m5s[0m 73ms/step - loss: 0.6032
[1m 52/128[0m [32m========[0m[37m============[0m [1m5s[0m 73ms/step - loss: 0.6058
[1m 53/128[0m [32m========[0m[37m============[0m [1m5s[0m 73ms/step - loss: 0.6081
[1m 54/128[0m [32m========[0m[37m============[0m [1m5s[0m 74ms/step - loss: 0.6103
[1m 55/128[0m [32m========[0m[37m============[0m [1m5s[0m 74ms/step - loss: 0.6123
[1m 56/128[0m [32m========[0m[37m============[0m [1m5s[0m 74ms/step - loss: 0.6151
[1m 57/128[0m [32m========[0m[37m============[0m [1m5s[0m 74ms/step - loss: 0.6178
[1m 58/128[0m [32m=========[0m[37m===========[0m [1m5s[0m 74ms/step - loss: 0.6219
[1m 59/128[0m [32m=========[0m[37m===========[0m [1m5s[0m 74ms/step - loss: 0.6257
[1m 60/128[0m [32m=========[0m[37m===========[0m [1m5s[0m 74ms/step - loss: 0.6293
[1m 61/128[0m [32m=========[0m[37m===========[0m [1m4s[0m 74ms/step - loss: 0.6326
[1m 62/128[0m [32m=========[0m[37m===========[0m [1m4s[0m 74ms/step - loss: 0.6357
[1m 63/128[0m [32m=========[0m[37m===========[0m [1m4s[0m 74ms/step - loss: 0.6387
[1m 64/128[0m [32m==========[0m[37m==========[0m [1m4s[0m 74ms/step - loss: 0.6416
[1m 65/128[0m [32m==========[0m[37m==========[0m [1m4s[0m 74ms/step - loss: 0.6443
[1m 66/128[0m [32m==========[0m[37m==========[0m [1m4s[0m 74ms/step - loss: 0.6468
[1m 67/128[0m [32m==========[0m[37m==========[0m [1m4s[0m 74ms/step - loss: 0.6491
[1m 68/128[0m [32m==========[0m[37m==========[0m [1m4s[0m 74ms/step - loss: 0.6513
[1m 69/128[0m [32m==========[0m[37m==========[0m [1m4s[0m 74ms/step - loss: 0.6534
[1m 70/128[0m [32m==========[0m[37m==========[0m [1m4s[0m 74ms/step - loss: 0.6554
[1m 71/128[0m [32m===========[0m[37m=========[0m [1m4s[0m 75ms/step - loss: 0.6573
[1m 72/128[0m [32m===========[0m[37m=========[0m [1m4s[0m 75ms/step - loss: 0.6591
[1m 73/128[0m [32m===========[0m[37m=========[0m [1m4s[0m 75ms/step - loss: 0.6607
[1m 74/128[0m [32m===========[0m[37m=========[0m [1m4s[0m 75ms/step - loss: 0.6623
[1m 75/128[0m [32m===========[0m[37m=========[0m [1m3s[0m 75ms/step - loss: 0.6637
[1m 76/128[0m [32m===========[0m[37m=========[0m [1m3s[0m 75ms/step - loss: 0.6651
[1m 77/128[0m [32m============[0m[37m========[0m [1m3s[0m 75ms/step - loss: 0.6664
[1m 78/128[0m [32m============[0m[37m========[0m [1m3s[0m 75ms/step - loss: 0.6675
[1m 79/128[0m [32m============[0m[37m========[0m [1m3s[0m 75ms/step - loss: 0.6686
[1m 80/128[0m [32m============[0m[37m========[0m [1m3s[0m 75ms/step - loss: 0.6696
[1m 81/128[0m [32m============[0m[37m========[0m [1m3s[0m 75ms/step - loss: 0.6705
[1m 82/128[0m [32m============[0m[37m========[0m [1m3s[0m 75ms/step - loss: 0.6714
[1m 83/128[0m [32m============[0m[37m========[0m [1m3s[0m 75ms/step - loss: 0.6721
[1m 84/128[0m [32m=============[0m[37m=======[0m [1m3s[0m 76ms/step - loss: 0.6729
[1m 85/128[0m [32m=============[0m[37m=======[0m [1m3s[0m 76ms/step - loss: 0.6736
[1m 86/128[0m [32m=============[0m[37m=======[0m [1m3s[0m 76ms/step - loss: 0.6742
[1m 87/128[0m [32m=============[0m[37m=======[0m [1m3s[0m 76ms/step - loss: 0.6748
[1m 88/128[0m [32m=============[0m[37m=======[0m [1m3s[0m 76ms/step - loss: 0.6753
[1m 89/128[0m [32m=============[0m[37m=======[0m [1m2s[0m 76ms/step - loss: 0.6757
[1m 90/128[0m [32m==============[0m[37m======[0m [1m2s[0m 76ms/step - loss: 0.6762
[1m 91/128[0m [32m==============[0m[37m======[0m [1m2s[0m 76ms/step - loss: 0.6765
[1m 92/128[0m [32m==============[0m[37m======[0m [1m2s[0m 76ms/step - loss: 0.6769
[1m 93/128[0m [32m==============[0m[37m======[0m [1m2s[0m 76ms/step - loss: 0.6772
[1m 94/128[0m [32m==============[0m[37m======[0m [1m2s[0m 76ms/step - loss: 0.6775
[1m 95/128[0m [32m==============[0m[37m======[0m [1m2s[0m 76ms/step - loss: 0.6777
[1m 96/128[0m [32m===============[0m[37m=====[0m [1m2s[0m 77ms/step - loss: 0.6779
[1m 97/128[0m [32m===============[0m[37m=====[0m [1m2s[0m 77ms/step - loss: 0.6782
[1m 98/128[0m [32m===============[0m[37m=====[0m [1m2s[0m 77ms/step - loss: 0.6785
[1m 99/128[0m [32m===============[0m[37m=====[0m [1m2s[0m 77ms/step - loss: 0.6787
[1m100/128[0m [32m===============[0m[37m=====[0m [1m2s[0m 77ms/step - loss: 0.6801
[1m101/128[0m [32m===============[0m[37m=====[0m [1m2s[0m 77ms/step - loss: 0.6817
[1m102/128[0m [32m===============[0m[37m=====[0m [1m2s[0m 77ms/step - loss: 0.6834
[1m103/128[0m [32m================[0m[37m====[0m [1m1s[0m 77ms/step - loss: 0.6849
[1m104/128[0m [32m================[0m[37m====[0m [1m1s[0m 77ms/step - loss: 0.6864
[1m105/128[0m [32m================[0m[37m====[0m [1m1s[0m 77ms/step - loss: 0.6879
[1m106/128[0m [32m================[0m[37m====[0m [1m1s[0m 77ms/step - loss: 0.6892
[1m107/128[0m [32m================[0m[37m====[0m [1m1s[0m 77ms/step - loss: 0.6905
[1m108/128[0m [32m================[0m[37m====[0m [1m1s[0m 77ms/step - loss: 0.6918
[1m109/128[0m [32m=================[0m[37m===[0m [1m1s[0m 77ms/step - loss: 0.6930
[1m110/128[0m [32m=================[0m[37m===[0m [1m1s[0m 77ms/step - loss: 0.6941
[1m111/128[0m [32m=================[0m[37m===[0m [1m1s[0m 78ms/step - loss: 0.6952
[1m112/128[0m [32m=================[0m[37m===[0m [1m1s[0m 78ms/step - loss: 0.6963
[1m113/128[0m [32m=================[0m[37m===[0m [1m1s[0m 77ms/step - loss: 0.6973
[1m114/128[0m [32m=================[0m[37m===[0m [1m1s[0m 78ms/step - loss: 0.6982
[1m115/128[0m [32m=================[0m[37m===[0m [1m1s[0m 78ms/step - loss: 0.6991
[1m116/128[0m [32m==================[0m[37m==[0m [1m0s[0m 78ms/step - loss: 0.7000
[1m117/128[0m [32m==================[0m[37m==[0m [1m0s[0m 78ms/step - loss: 0.7010
[1m118/128[0m [32m==================[0m[37m==[0m [1m0s[0m 78ms/step - loss: 0.7019
[1m119/128[0m [32m==================[0m[37m==[0m [1m0s[0m 78ms/step - loss: 0.7028
[1m120/128[0m [32m==================[0m[37m==[0m [1m0s[0m 78ms/step - loss: 0.7036
[1m121/128[0m [32m==================[0m[37m==[0m [1m0s[0m 78ms/step - loss: 0.7044
[1m122/128[0m [32m===================[0m[37m=[0m [1m0s[0m 78ms/step - loss: 0.7052
[1m123/128[0m [32m===================[0m[37m=[0m [1m0s[0m 78ms/step - loss: 0.7059
[1m124/128[0m [32m===================[0m[37m=[0m [1m0s[0m 78ms/step - loss: 0.7066
[1m125/128[0m [32m===================[0m[37m=[0m [1m0s[0m 78ms/step - loss: 0.7072
[1m126/128[0m [32m===================[0m[37m=[0m [1m0s[0m 78ms/step - loss: 0.7078
[1m127/128[0m [32m===================[0m[37m=[0m [1m0s[0m 77ms/step - loss: 0.7084
[1m128/128[0m [32m====================[0m[37m[0m [1m0s[0m 77ms/step - loss: 0.7089
[1m128/128[0m [32m====================[0m[37m[0m [1m11s[0m 85ms/step - loss: 0.7781 - val_loss: 0.8366
Epoch 11/12

[1m  1/128[0m [37m====================[0m [1m20:40[0m 10s/step - loss: 0.3677
[1m  2/128[0m [37m====================[0m [1m6s[0m 50ms/step - loss: 0.3558  
[1m  4/128[0m [37m====================[0m [1m5s[0m 48ms/step - loss: 1.1403
[1m  6/128[0m [37m====================[0m [1m5s[0m 47ms/step - loss: 1.2132
[1m  8/128[0m [32m=[0m[37m===================[0m [1m5s[0m 46ms/step - loss: 1.2535
[1m 10/128[0m [32m=[0m[37m===================[0m [1m5s[0m 46ms/step - loss: 1.2942
[1m 12/128[0m [32m=[0m[37m===================[0m [1m5s[0m 46ms/step - loss: 1.3350
[1m 14/128[0m [32m==[0m[37m==================[0m [1m5s[0m 45ms/step - loss: 1.3408
[1m 16/128[0m [32m==[0m[37m==================[0m [1m5s[0m 47ms/step - loss: 1.3363
[1m 18/128[0m [32m==[0m[37m==================[0m [1m5s[0m 46ms/step - loss: 1.3376
[1m 20/128[0m [32m===[0m[37m=================[0m [1m5s[0m 46ms/step - loss: 1.3380
[1m 22/128[0m [32m===[0m[37m=================[0m [1m4s[0m 46ms/step - loss: 1.3310
[1m 24/128[0m [32m===[0m[37m=================[0m [1m4s[0m 46ms/step - loss: 1.3189
[1m 26/128[0m [32m====[0m[37m================[0m [1m4s[0m 46ms/step - loss: 1.3141
[1m 28/128[0m [32m====[0m[37m================[0m [1m4s[0m 46ms/step - loss: 1.3080
[1m 30/128[0m [32m====[0m[37m================[0m [1m4s[0m 46ms/step - loss: 1.2996
[1m 32/128[0m [32m=====[0m[37m===============[0m [1m4s[0m 46ms/step - loss: 1.2896
[1m 34/128[0m [32m=====[0m[37m===============[0m [1m4s[0m 45ms/step - loss: 1.2787
[1m 36/128[0m [32m=====[0m[37m===============[0m [1m4s[0m 45ms/step - loss: 1.2669
[1m 38/128[0m [32m=====[0m[37m===============[0m [1m4s[0m 44ms/step - loss: 1.2543
[1m 40/128[0m [32m======[0m[37m==============[0m [1m3s[0m 45ms/step - loss: 1.2416
[1m 42/128[0m [32m======[0m[37m==============[0m [1m3s[0m 45ms/step - loss: 1.2338
[1m 44/128[0m [32m======[0m[37m==============[0m [1m3s[0m 44ms/step - loss: 1.2259
[1m 45/128[0m [32m=======[0m[37m=============[0m [1m3s[0m 45ms/step - loss: 1.2218
[1m 47/128[0m [32m=======[0m[37m=============[0m [1m3s[0m 45ms/step - loss: 1.2134
[1m 49/128[0m [32m=======[0m[37m=============[0m [1m3s[0m 45ms/step - loss: 1.2053
[1m 51/128[0m [32m=======[0m[37m=============[0m [1m3s[0m 45ms/step - loss: 1.1968
[1m 53/128[0m [32m========[0m[37m============[0m [1m3s[0m 45ms/step - loss: 1.1883
[1m 55/128[0m [32m========[0m[37m============[0m [1m3s[0m 45ms/step - loss: 1.1798
[1m 57/128[0m [32m========[0m[37m============[0m [1m3s[0m 45ms/step - loss: 1.1714
[1m 59/128[0m [32m=========[0m[37m===========[0m [1m3s[0m 45ms/step - loss: 1.1629
[1m 61/128[0m [32m=========[0m[37m===========[0m [1m3s[0m 45ms/step - loss: 1.1544
[1m 62/128[0m [32m=========[0m[37m===========[0m [1m2s[0m 45ms/step - loss: 1.1502
[1m 63/128[0m [32m=========[0m[37m===========[0m [1m2s[0m 46ms/step - loss: 1.1461
[1m 64/128[0m [32m==========[0m[37m==========[0m [1m2s[0m 46ms/step - loss: 1.1421
[1m 66/128[0m [32m==========[0m[37m==========[0m [1m2s[0m 47ms/step - loss: 1.1341
[1m 67/128[0m [32m==========[0m[37m==========[0m [1m2s[0m 47ms/step - loss: 1.1301
[1m 68/128[0m [32m==========[0m[37m==========[0m [1m2s[0m 48ms/step - loss: 1.1264
[1m 69/128[0m [32m==========[0m[37m==========[0m [1m2s[0m 48ms/step - loss: 1.1227
[1m 70/128[0m [32m==========[0m[37m==========[0m [1m2s[0m 49ms/step - loss: 1.1191
[1m 71/128[0m [32m===========[0m[37m=========[0m [1m2s[0m 49ms/step - loss: 1.1154
[1m 72/128[0m [32m===========[0m[37m=========[0m [1m2s[0m 50ms/step - loss: 1.1118
[1m 73/128[0m [32m===========[0m[37m=========[0m [1m2s[0m 50ms/step - loss: 1.1082
[1m 74/128[0m [32m===========[0m[37m=========[0m [1m2s[0m 50ms/step - loss: 1.1053
[1m 75/128[0m [32m===========[0m[37m=========[0m [1m2s[0m 50ms/step - loss: 1.1025
[1m 76/128[0m [32m===========[0m[37m=========[0m [1m2s[0m 51ms/step - loss: 1.0996
[1m 77/128[0m [32m============[0m[37m========[0m [1m2s[0m 51ms/step - loss: 1.0968
[1m 78/128[0m [32m============[0m[37m========[0m [1m2s[0m 51ms/step - loss: 1.0939
[1m 79/128[0m [32m============[0m[37m========[0m [1m2s[0m 51ms/step - loss: 1.0911
[1m 80/128[0m [32m============[0m[37m========[0m [1m2s[0m 52ms/step - loss: 1.0884
[1m 81/128[0m [32m============[0m[37m========[0m [1m2s[0m 52ms/step - loss: 1.0857
[1m 82/128[0m [32m============[0m[37m========[0m [1m2s[0m 52ms/step - loss: 1.0831
[1m 83/128[0m [32m============[0m[37m========[0m [1m2s[0m 52ms/step - loss: 1.0804
[1m 84/128[0m [32m=============[0m[37m=======[0m [1m2s[0m 53ms/step - loss: 1.0778
[1m 85/128[0m [32m=============[0m[37m=======[0m [1m2s[0m 53ms/step - loss: 1.0751
[1m 86/128[0m [32m=============[0m[37m=======[0m [1m2s[0m 53ms/step - loss: 1.0725
[1m 87/128[0m [32m=============[0m[37m=======[0m [1m2s[0m 53ms/step - loss: 1.0698
[1m 88/128[0m [32m=============[0m[37m=======[0m [1m2s[0m 53ms/step - loss: 1.0672
[1m 89/128[0m [32m=============[0m[37m=======[0m [1m2s[0m 54ms/step - loss: 1.0645
[1m 90/128[0m [32m==============[0m[37m======[0m [1m2s[0m 54ms/step - loss: 1.0623
[1m 91/128[0m [32m==============[0m[37m======[0m [1m2s[0m 54ms/step - loss: 1.0601
[1m 92/128[0m [32m==============[0m[37m======[0m [1m1s[0m 54ms/step - loss: 1.0578
[1m 93/128[0m [32m==============[0m[37m======[0m [1m1s[0m 55ms/step - loss: 1.0555
[1m 94/128[0m [32m==============[0m[37m======[0m [1m1s[0m 55ms/step - loss: 1.0533
[1m 95/128[0m [32m==============[0m[37m======[0m [1m1s[0m 55ms/step - loss: 1.0510
[1m 96/128[0m [32m===============[0m[37m=====[0m [1m1s[0m 55ms/step - loss: 1.0487
[1m 97/128[0m [32m===============[0m[37m=====[0m [1m1s[0m 55ms/step - loss: 1.0465
[1m 98/128[0m [32m===============[0m[37m=====[0m [1m1s[0m 55ms/step - loss: 1.0442
[1m 99/128[0m [32m===============[0m[37m=====[0m [1m1s[0m 56ms/step - loss: 1.0420
[1m100/128[0m [32m===============[0m[37m=====[0m [1m1s[0m 56ms/step - loss: 1.0397
[1m101/128[0m [32m===============[0m[37m=====[0m [1m1s[0m 56ms/step - loss: 1.0375
[1m102/128[0m [32m===============[0m[37m=====[0m [1m1s[0m 56ms/step - loss: 1.0353
[1m103/128[0m [32m================[0m[37m====[0m [1m1s[0m 56ms/step - loss: 1.0331
[1m104/128[0m [32m================[0m[37m====[0m [1m1s[0m 56ms/step - loss: 1.0309
[1m105/128[0m [32m================[0m[37m====[0m [1m1s[0m 56ms/step - loss: 1.0291
[1m106/128[0m [32m================[0m[37m====[0m [1m1s[0m 57ms/step - loss: 1.0273
[1m107/128[0m [32m================[0m[37m====[0m [1m1s[0m 57ms/step - loss: 1.0254
[1m108/128[0m [32m================[0m[37m====[0m [1m1s[0m 57ms/step - loss: 1.0236
[1m109/128[0m [32m=================[0m[37m===[0m [1m1s[0m 57ms/step - loss: 1.0218
[1m110/128[0m [32m=================[0m[37m===[0m [1m1s[0m 58ms/step - loss: 1.0200
[1m111/128[0m [32m=================[0m[37m===[0m [1m0s[0m 58ms/step - loss: 1.0182
[1m112/128[0m [32m=================[0m[37m===[0m [1m0s[0m 58ms/step - loss: 1.0164
[1m113/128[0m [32m=================[0m[37m===[0m [1m0s[0m 58ms/step - loss: 1.0146
[1m114/128[0m [32m=================[0m[37m===[0m [1m0s[0m 58ms/step - loss: 1.0128
[1m115/128[0m [32m=================[0m[37m===[0m [1m0s[0m 58ms/step - loss: 1.0109
[1m116/128[0m [32m==================[0m[37m==[0m [1m0s[0m 58ms/step - loss: 1.0091
[1m117/128[0m [32m==================[0m[37m==[0m [1m0s[0m 59ms/step - loss: 1.0073
[1m118/128[0m [32m==================[0m[37m==[0m [1m0s[0m 59ms/step - loss: 1.0055
[1m119/128[0m [32m==================[0m[37m==[0m [1m0s[0m 59ms/step - loss: 1.0037
[1m120/128[0m [32m==================[0m[37m==[0m [1m0s[0m 59ms/step - loss: 1.0020
[1m121/128[0m [32m==================[0m[37m==[0m [1m0s[0m 59ms/step - loss: 1.0002
[1m122/128[0m [32m===================[0m[37m=[0m [1m0s[0m 59ms/step - loss: 0.9984
[1m123/128[0m [32m===================[0m[37m=[0m [1m0s[0m 59ms/step - loss: 0.9966
[1m124/128[0m [32m===================[0m[37m=[0m [1m0s[0m 60ms/step - loss: 0.9948
[1m125/128[0m [32m===================[0m[37m=[0m [1m0s[0m 60ms/step - loss: 0.9931
[1m126/128[0m [32m===================[0m[37m=[0m [1m0s[0m 60ms/step - loss: 0.9914
[1m127/128[0m [32m===================[0m[37m=[0m [1m0s[0m 60ms/step - loss: 0.9897
[1m128/128[0m [32m====================[0m[37m[0m [1m0s[0m 60ms/step - loss: 0.9880
[1m128/128[0m [32m====================[0m[37m[0m [1m18s[0m 68ms/step - loss: 0.7716 - val_loss: 0.8279
Epoch 12/12

[1m  1/128[0m [37m====================[0m [1m19s[0m 153ms/step - loss: 0.3787
[1m  2/128[0m [37m====================[0m [1m8s[0m 67ms/step - loss: 0.3774  
[1m  3/128[0m [37m====================[0m [1m8s[0m 69ms/step - loss: 0.3848
[1m  4/128[0m [37m====================[0m [1m8s[0m 66ms/step - loss: 0.3909
[1m  5/128[0m [37m====================[0m [1m8s[0m 69ms/step - loss: 0.3928
[1m  6/128[0m [37m====================[0m [1m8s[0m 70ms/step - loss: 0.4130
[1m  7/128[0m [32m=[0m[37m===================[0m [1m8s[0m 70ms/step - loss: 0.4252
[1m  8/128[0m [32m=[0m[37m===================[0m [1m8s[0m 70ms/step - loss: 0.4339
[1m  9/128[0m [32m=[0m[37m===================[0m [1m8s[0m 70ms/step - loss: 0.4401
[1m 10/128[0m [32m=[0m[37m===================[0m [1m8s[0m 70ms/step - loss: 0.4444
[1m 11/128[0m [32m=[0m[37m===================[0m [1m8s[0m 70ms/step - loss: 0.4741
[1m 12/128[0m [32m=[0m[37m===================[0m [1m8s[0m 70ms/step - loss: 0.4963
[1m 13/128[0m [32m==[0m[37m==================[0m [1m8s[0m 70ms/step - loss: 0.5217
[1m 14/128[0m [32m==[0m[37m==================[0m [1m8s[0m 71ms/step - loss: 0.5413
[1m 15/128[0m [32m==[0m[37m==================[0m [1m7s[0m 71ms/step - loss: 0.5565
[1m 16/128[0m [32m==[0m[37m==================[0m [1m7s[0m 71ms/step - loss: 0.5682
[1m 17/128[0m [32m==[0m[37m==================[0m [1m7s[0m 71ms/step - loss: 0.5769
[1m 18/128[0m [32m==[0m[37m==================[0m [1m7s[0m 71ms/step - loss: 0.5834
[1m 19/128[0m [32m==[0m[37m==================[0m [1m7s[0m 71ms/step - loss: 0.5881
[1m 20/128[0m [32m===[0m[37m=================[0m [1m7s[0m 70ms/step - loss: 0.5915
[1m 21/128[0m [32m===[0m[37m=================[0m [1m7s[0m 71ms/step - loss: 0.5939
[1m 22/128[0m [32m===[0m[37m=================[0m [1m7s[0m 72ms/step - loss: 0.5954
[1m 23/128[0m [32m===[0m[37m=================[0m [1m7s[0m 72ms/step - loss: 0.5963
[1m 24/128[0m [32m===[0m[37m=================[0m [1m7s[0m 72ms/step - loss: 0.5968
[1m 25/128[0m [32m===[0m[37m=================[0m [1m7s[0m 72ms/step - loss: 0.6001
[1m 26/128[0m [32m====[0m[37m================[0m [1m7s[0m 72ms/step - loss: 0.6027
[1m 27/128[0m [32m====[0m[37m================[0m [1m7s[0m 72ms/step - loss: 0.6046
[1m 28/128[0m [32m====[0m[37m================[0m [1m7s[0m 71ms/step - loss: 0.6065
[1m 29/128[0m [32m====[0m[37m================[0m [1m7s[0m 72ms/step - loss: 0.6079
[1m 30/128[0m [32m====[0m[37m================[0m [1m6s[0m 71ms/step - loss: 0.6090
[1m 31/128[0m [32m====[0m[37m================[0m [1m6s[0m 71ms/step - loss: 0.6097
[1m 32/128[0m [32m=====[0m[37m===============[0m [1m6s[0m 71ms/step - loss: 0.6103
[1m 33/128[0m [32m=====[0m[37m===============[0m [1m6s[0m 71ms/step - loss: 0.6107
[1m 34/128[0m [32m=====[0m[37m===============[0m [1m6s[0m 71ms/step - loss: 0.6109
[1m 35/128[0m [32m=====[0m[37m===============[0m [1m6s[0m 71ms/step - loss: 0.6109
[1m 36/128[0m [32m=====[0m[37m===============[0m [1m6s[0m 71ms/step - loss: 0.6109
[1m 37/128[0m [32m=====[0m[37m===============[0m [1m6s[0m 71ms/step - loss: 0.6119
[1m 38/128[0m [32m=====[0m[37m===============[0m [1m6s[0m 71ms/step - loss: 0.6127
[1m 39/128[0m [32m======[0m[37m==============[0m [1m6s[0m 71ms/step - loss: 0.6132
[1m 40/128[0m [32m======[0m[37m==============[0m [1m6s[0m 70ms/step - loss: 0.6138
[1m 41/128[0m [32m======[0m[37m==============[0m [1m6s[0m 70ms/step - loss: 0.6142
[1m 42/128[0m [32m======[0m[37m==============[0m [1m6s[0m 70ms/step - loss: 0.6144
[1m 43/128[0m [32m======[0m[37m==============[0m [1m5s[0m 70ms/step - loss: 0.6145
[1m 44/128[0m [32m======[0m[37m==============[0m [1m5s[0m 70ms/step - loss: 0.6144
[1m 45/128[0m [32m=======[0m[37m=============[0m [1m5s[0m 70ms/step - loss: 0.6143
[1m 46/128[0m [32m=======[0m[37m=============[0m [1m5s[0m 71ms/step - loss: 0.6141
[1m 47/128[0m [32m=======[0m[37m=============[0m [1m5s[0m 71ms/step - loss: 0.6138
[1m 48/128[0m [32m=======[0m[37m=============[0m [1m5s[0m 71ms/step - loss: 0.6137
[1m 49/128[0m [32m=======[0m[37m=============[0m [1m5s[0m 71ms/step - loss: 0.6136
[1m 50/128[0m [32m=======[0m[37m=============[0m [1m5s[0m 71ms/step - loss: 0.6134
[1m 51/128[0m [32m=======[0m[37m=============[0m [1m5s[0m 71ms/step - loss: 0.6131
[1m 52/128[0m [32m========[0m[37m============[0m [1m5s[0m 71ms/step - loss: 0.6129
[1m 53/128[0m [32m========[0m[37m============[0m [1m5s[0m 71ms/step - loss: 0.6126
[1m 54/128[0m [32m========[0m[37m============[0m [1m5s[0m 71ms/step - loss: 0.6123
[1m 55/128[0m [32m========[0m[37m============[0m [1m5s[0m 70ms/step - loss: 0.6134
[1m 56/128[0m [32m========[0m[37m============[0m [1m5s[0m 70ms/step - loss: 0.6143
[1m 57/128[0m [32m========[0m[37m============[0m [1m4s[0m 70ms/step - loss: 0.6152
[1m 58/128[0m [32m=========[0m[37m===========[0m [1m4s[0m 70ms/step - loss: 0.6159
[1m 59/128[0m [32m=========[0m[37m===========[0m [1m4s[0m 70ms/step - loss: 0.6168
[1m 60/128[0m [32m=========[0m[37m===========[0m [1m4s[0m 70ms/step - loss: 0.6175
[1m 61/128[0m [32m=========[0m[37m===========[0m [1m4s[0m 70ms/step - loss: 0.6183
[1m 62/128[0m [32m=========[0m[37m===========[0m [1m4s[0m 70ms/step - loss: 0.6190
[1m 63/128[0m [32m=========[0m[37m===========[0m [1m4s[0m 70ms/step - loss: 0.6197
[1m 64/128[0m [32m==========[0m[37m==========[0m [1m4s[0m 70ms/step - loss: 0.6203
[1m 65/128[0m [32m==========[0m[37m==========[0m [1m4s[0m 70ms/step - loss: 0.6208
[1m 66/128[0m [32m==========[0m[37m==========[0m [1m4s[0m 70ms/step - loss: 0.6213
[1m 67/128[0m [32m==========[0m[37m==========[0m [1m4s[0m 70ms/step - loss: 0.6224
[1m 68/128[0m [32m==========[0m[37m==========[0m [1m4s[0m 70ms/step - loss: 0.6234
[1m 69/128[0m [32m==========[0m[37m==========[0m [1m4s[0m 70ms/step - loss: 0.6243
[1m 70/128[0m [32m==========[0m[37m==========[0m [1m4s[0m 70ms/step - loss: 0.6252
[1m 71/128[0m [32m===========[0m[37m=========[0m [1m3s[0m 70ms/step - loss: 0.6260
[1m 72/128[0m [32m===========[0m[37m=========[0m [1m3s[0m 70ms/step - loss: 0.6266
[1m 73/128[0m [32m===========[0m[37m=========[0m [1m3s[0m 70ms/step - loss: 0.6272
[1m 74/128[0m [32m===========[0m[37m=========[0m [1m3s[0m 70ms/step - loss: 0.6278
[1m 75/128[0m [32m===========[0m[37m=========[0m [1m3s[0m 70ms/step - loss: 0.6282
[1m 76/128[0m [32m===========[0m[37m=========[0m [1m3s[0m 70ms/step - loss: 0.6287
[1m 77/128[0m [32m============[0m[37m========[0m [1m3s[0m 70ms/step - loss: 0.6290
[1m 78/128[0m [32m============[0m[37m========[0m [1m3s[0m 70ms/step - loss: 0.6294
[1m 79/128[0m [32m============[0m[37m========[0m [1m3s[0m 70ms/step - loss: 0.6298
[1m 80/128[0m [32m============[0m[37m========[0m [1m3s[0m 70ms/step - loss: 0.6302
[1m 81/128[0m [32m============[0m[37m========[0m [1m3s[0m 70ms/step - loss: 0.6305
[1m 82/128[0m [32m============[0m[37m========[0m [1m3s[0m 70ms/step - loss: 0.6308
[1m 83/128[0m [32m============[0m[37m========[0m [1m3s[0m 69ms/step - loss: 0.6310
[1m 84/128[0m [32m=============[0m[37m=======[0m [1m3s[0m 69ms/step - loss: 0.6312
[1m 85/128[0m [32m=============[0m[37m=======[0m [1m2s[0m 69ms/step - loss: 0.6313
[1m 86/128[0m [32m=============[0m[37m=======[0m [1m2s[0m 69ms/step - loss: 0.6314
[1m 87/128[0m [32m=============[0m[37m=======[0m [1m2s[0m 69ms/step - loss: 0.6316
[1m 88/128[0m [32m=============[0m[37m=======[0m [1m2s[0m 69ms/step - loss: 0.6316
[1m 89/128[0m [32m=============[0m[37m=======[0m [1m2s[0m 69ms/step - loss: 0.6317
[1m 90/128[0m [32m==============[0m[37m======[0m [1m2s[0m 69ms/step - loss: 0.6321
[1m 91/128[0m [32m==============[0m[37m======[0m [1m2s[0m 69ms/step - loss: 0.6326
[1m 92/128[0m [32m==============[0m[37m======[0m [1m2s[0m 69ms/step - loss: 0.6329
[1m 93/128[0m [32m==============[0m[37m======[0m [1m2s[0m 69ms/step - loss: 0.6333
[1m 94/128[0m [32m==============[0m[37m======[0m [1m2s[0m 69ms/step - loss: 0.6336
[1m 95/128[0m [32m==============[0m[37m======[0m [1m2s[0m 69ms/step - loss: 0.6345
[1m 96/128[0m [32m===============[0m[37m=====[0m [1m2s[0m 69ms/step - loss: 0.6358
[1m 97/128[0m [32m===============[0m[37m=====[0m [1m2s[0m 69ms/step - loss: 0.6370
[1m 98/128[0m [32m===============[0m[37m=====[0m [1m2s[0m 69ms/step - loss: 0.6382
[1m 99/128[0m [32m===============[0m[37m=====[0m [1m2s[0m 69ms/step - loss: 0.6393
[1m100/128[0m [32m===============[0m[37m=====[0m [1m1s[0m 69ms/step - loss: 0.6404
[1m101/128[0m [32m===============[0m[37m=====[0m [1m1s[0m 69ms/step - loss: 0.6414
[1m102/128[0m [32m===============[0m[37m=====[0m [1m1s[0m 69ms/step - loss: 0.6424
[1m104/128[0m [32m================[0m[37m====[0m [1m1s[0m 69ms/step - loss: 0.6442
[1m105/128[0m [32m================[0m[37m====[0m [1m1s[0m 69ms/step - loss: 0.6451
[1m106/128[0m [32m================[0m[37m====[0m [1m1s[0m 69ms/step - loss: 0.6460
[1m107/128[0m [32m================[0m[37m====[0m [1m1s[0m 69ms/step - loss: 0.6468
[1m108/128[0m [32m================[0m[37m====[0m [1m1s[0m 69ms/step - loss: 0.6476
[1m109/128[0m [32m=================[0m[37m===[0m [1m1s[0m 69ms/step - loss: 0.6484
[1m110/128[0m [32m=================[0m[37m===[0m [1m1s[0m 69ms/step - loss: 0.6492
[1m111/128[0m [32m=================[0m[37m===[0m [1m1s[0m 69ms/step - loss: 0.6499
[1m112/128[0m [32m=================[0m[37m===[0m [1m1s[0m 69ms/step - loss: 0.6509
[1m113/128[0m [32m=================[0m[37m===[0m [1m1s[0m 69ms/step - loss: 0.6519
[1m114/128[0m [32m=================[0m[37m===[0m [1m0s[0m 69ms/step - loss: 0.6529
[1m115/128[0m [32m=================[0m[37m===[0m [1m0s[0m 69ms/step - loss: 0.6538
[1m116/128[0m [32m==================[0m[37m==[0m [1m0s[0m 69ms/step - loss: 0.6550
[1m117/128[0m [32m==================[0m[37m==[0m [1m0s[0m 69ms/step - loss: 0.6562
[1m118/128[0m [32m==================[0m[37m==[0m [1m0s[0m 69ms/step - loss: 0.6574
[1m119/128[0m [32m==================[0m[37m==[0m [1m0s[0m 69ms/step - loss: 0.6586
[1m120/128[0m [32m==================[0m[37m==[0m [1m0s[0m 69ms/step - loss: 0.6596
[1m121/128[0m [32m==================[0m[37m==[0m [1m0s[0m 68ms/step - loss: 0.6607
[1m122/128[0m [32m===================[0m[37m=[0m [1m0s[0m 69ms/step - loss: 0.6617
[1m123/128[0m [32m===================[0m[37m=[0m [1m0s[0m 69ms/step - loss: 0.6626
[1m124/128[0m [32m===================[0m[37m=[0m [1m0s[0m 69ms/step - loss: 0.6635
[1m125/128[0m [32m===================[0m[37m=[0m [1m0s[0m 69ms/step - loss: 0.6644
[1m126/128[0m [32m===================[0m[37m=[0m [1m0s[0m 69ms/step - loss: 0.6653
[1m127/128[0m [32m===================[0m[37m=[0m [1m0s[0m 69ms/step - loss: 0.6661
[1m128/128[0m [32m====================[0m[37m[0m [1m0s[0m 69ms/step - loss: 0.6668
[1m128/128[0m [32m====================[0m[37m[0m [1m10s[0m 76ms/step - loss: 0.7663 - val_loss: 0.8231
Training BiLSTM temporal threat classifier...
Epoch 1/12

[1m  1/234[0m [37m====================[0m [1m50:05[0m 13s/step - accuracy: 0.0000e+00 - loss: 0.7944
[1m  2/234[0m [37m====================[0m [1m17s[0m 74ms/step - accuracy: 0.0049 - loss: 0.9768     
[1m  3/234[0m [37m====================[0m [1m18s[0m 78ms/step - accuracy: 0.0124 - loss: 1.1495
[1m  4/234[0m [37m====================[0m [1m18s[0m 81ms/step - accuracy: 0.0259 - loss: 1.2460
[1m  5/234[0m [37m====================[0m [1m18s[0m 79ms/step - accuracy: 0.0434 - loss: 1.2983
[1m  6/234[0m [37m====================[0m [1m18s[0m 79ms/step - accuracy: 0.0635 - loss: 1.3281
[1m  7/234[0m [37m====================[0m [1m18s[0m 79ms/step - accuracy: 0.0852 - loss: 1.3509
[1m  8/234[0m [37m====================[0m [1m17s[0m 79ms/step - accuracy: 0.1066 - loss: 1.3624
[1m  9/234[0m [37m====================[0m [1m17s[0m 79ms/step - accuracy: 0.1283 - loss: 1.3651
[1m 10/234[0m [37m====================[0m [1m17s[0m 78ms/step - accuracy: 0.1500 - loss: 1.3592
[1m 11/234[0m [37m====================[0m [1m17s[0m 78ms/step - accuracy: 0.1706 - loss: 1.3527
[1m 12/234[0m [32m=[0m[37m===================[0m [1m17s[0m 77ms/step - accuracy: 0.1904 - loss: 1.3446
[1m 13/234[0m [32m=[0m[37m===================[0m [1m16s[0m 77ms/step - accuracy: 0.2095 - loss: 1.3348
[1m 14/234[0m [32m=[0m[37m===================[0m [1m16s[0m 76ms/step - accuracy: 0.2276 - loss: 1.3296
[1m 15/234[0m [32m=[0m[37m===================[0m [1m16s[0m 76ms/step - accuracy: 0.2451 - loss: 1.3234
[1m 16/234[0m [32m=[0m[37m===================[0m [1m16s[0m 76ms/step - accuracy: 0.2618 - loss: 1.3182
[1m 17/234[0m [32m=[0m[37m===================[0m [1m16s[0m 76ms/step - accuracy: 0.2775 - loss: 1.3133
[1m 18/234[0m [32m=[0m[37m===================[0m [1m16s[0m 77ms/step - accuracy: 0.2924 - loss: 1.3100
[1m 19/234[0m [32m=[0m[37m===================[0m [1m16s[0m 78ms/step - accuracy: 0.3066 - loss: 1.3061
[1m 20/234[0m [32m=[0m[37m===================[0m [1m16s[0m 78ms/step - accuracy: 0.3200 - loss: 1.3033
[1m 21/234[0m [32m=[0m[37m===================[0m [1m16s[0m 78ms/step - accuracy: 0.3326 - loss: 1.3010
[1m 22/234[0m [32m=[0m[37m===================[0m [1m16s[0m 78ms/step - accuracy: 0.3446 - loss: 1.2977
[1m 23/234[0m [32m=[0m[37m===================[0m [1m16s[0m 78ms/step - accuracy: 0.3560 - loss: 1.2938
[1m 24/234[0m [32m==[0m[37m==================[0m [1m16s[0m 78ms/step - accuracy: 0.3668 - loss: 1.2892
[1m 25/234[0m [32m==[0m[37m==================[0m [1m16s[0m 78ms/step - accuracy: 0.3771 - loss: 1.2856
[1m 26/234[0m [32m==[0m[37m==================[0m [1m16s[0m 77ms/step - accuracy: 0.3869 - loss: 1.2818
[1m 27/234[0m [32m==[0m[37m==================[0m [1m16s[0m 78ms/step - accuracy: 0.3963 - loss: 1.2778
[1m 28/234[0m [32m==[0m[37m==================[0m [1m15s[0m 77ms/step - accuracy: 0.4053 - loss: 1.2732
[1m 29/234[0m [32m==[0m[37m==================[0m [1m15s[0m 78ms/step - accuracy: 0.4140 - loss: 1.2680
[1m 30/234[0m [32m==[0m[37m==================[0m [1m15s[0m 78ms/step - accuracy: 0.4223 - loss: 1.2624
[1m 31/234[0m [32m==[0m[37m==================[0m [1m15s[0m 78ms/step - accuracy: 0.4302 - loss: 1.2567
[1m 32/234[0m [32m==[0m[37m==================[0m [1m15s[0m 78ms/step - accuracy: 0.4378 - loss: 1.2515
[1m 33/234[0m [32m==[0m[37m==================[0m [1m15s[0m 78ms/step - accuracy: 0.4451 - loss: 1.2461
[1m 34/234[0m [32m==[0m[37m==================[0m [1m15s[0m 78ms/step - accuracy: 0.4522 - loss: 1.2411
[1m 35/234[0m [32m==[0m[37m==================[0m [1m15s[0m 78ms/step - accuracy: 0.4590 - loss: 1.2367
[1m 36/234[0m [32m===[0m[37m=================[0m [1m15s[0m 78ms/step - accuracy: 0.4655 - loss: 1.2326
[1m 37/234[0m [32m===[0m[37m=================[0m [1m15s[0m 78ms/step - accuracy: 0.4718 - loss: 1.2287
[1m 38/234[0m [32m===[0m[37m=================[0m [1m15s[0m 78ms/step - accuracy: 0.4779 - loss: 1.2250
[1m 39/234[0m [32m===[0m[37m=================[0m [1m15s[0m 78ms/step - accuracy: 0.4837 - loss: 1.2210
[1m 40/234[0m [32m===[0m[37m=================[0m [1m15s[0m 78ms/step - accuracy: 0.4893 - loss: 1.2168
[1m 41/234[0m [32m===[0m[37m=================[0m [1m15s[0m 78ms/step - accuracy: 0.4948 - loss: 1.2127
[1m 42/234[0m [32m===[0m[37m=================[0m [1m14s[0m 78ms/step - accuracy: 0.5000 - loss: 1.2083
[1m 43/234[0m [32m===[0m[37m=================[0m [1m14s[0m 78ms/step - accuracy: 0.5051 - loss: 1.2041
[1m 44/234[0m [32m===[0m[37m=================[0m [1m14s[0m 78ms/step - accuracy: 0.5100 - loss: 1.1998
[1m 45/234[0m [32m===[0m[37m=================[0m [1m14s[0m 78ms/step - accuracy: 0.5148 - loss: 1.1956
[1m 46/234[0m [32m===[0m[37m=================[0m [1m14s[0m 77ms/step - accuracy: 0.5194 - loss: 1.1914
[1m 47/234[0m [32m====[0m[37m================[0m [1m14s[0m 77ms/step - accuracy: 0.5239 - loss: 1.1871
[1m 48/234[0m [32m====[0m[37m================[0m [1m14s[0m 77ms/step - accuracy: 0.5282 - loss: 1.1828
[1m 49/234[0m [32m====[0m[37m================[0m [1m14s[0m 77ms/step - accuracy: 0.5325 - loss: 1.1786
[1m 50/234[0m [32m====[0m[37m================[0m [1m14s[0m 77ms/step - accuracy: 0.5365 - loss: 1.1746
[1m 51/234[0m [32m====[0m[37m================[0m [1m14s[0m 77ms/step - accuracy: 0.5405 - loss: 1.1705
[1m 52/234[0m [32m====[0m[37m================[0m [1m14s[0m 77ms/step - accuracy: 0.5444 - loss: 1.1663
[1m 53/234[0m [32m====[0m[37m================[0m [1m13s[0m 77ms/step - accuracy: 0.5482 - loss: 1.1622
[1m 54/234[0m [32m====[0m[37m================[0m [1m13s[0m 77ms/step - accuracy: 0.5519 - loss: 1.1581
[1m 55/234[0m [32m====[0m[37m================[0m [1m13s[0m 77ms/step - accuracy: 0.5554 - loss: 1.1540
[1m 56/234[0m [32m====[0m[37m================[0m [1m13s[0m 77ms/step - accuracy: 0.5589 - loss: 1.1499
[1m 57/234[0m [32m====[0m[37m================[0m [1m13s[0m 77ms/step - accuracy: 0.5623 - loss: 1.1459
[1m 58/234[0m [32m====[0m[37m================[0m [1m13s[0m 77ms/step - accuracy: 0.5657 - loss: 1.1418
[1m 59/234[0m [32m=====[0m[37m===============[0m [1m13s[0m 77ms/step - accuracy: 0.5689 - loss: 1.1379
[1m 60/234[0m [32m=====[0m[37m===============[0m [1m13s[0m 77ms/step - accuracy: 0.5721 - loss: 1.1339
[1m 61/234[0m [32m=====[0m[37m===============[0m [1m13s[0m 77ms/step - accuracy: 0.5752 - loss: 1.1298
[1m 62/234[0m [32m=====[0m[37m===============[0m [1m13s[0m 77ms/step - accuracy: 0.5783 - loss: 1.1257
[1m 63/234[0m [32m=====[0m[37m===============[0m [1m13s[0m 77ms/step - accuracy: 0.5813 - loss: 1.1218
[1m 64/234[0m [32m=====[0m[37m===============[0m [1m13s[0m 77ms/step - accuracy: 0.5842 - loss: 1.1179
[1m 65/234[0m [32m=====[0m[37m===============[0m [1m13s[0m 77ms/step - accuracy: 0.5871 - loss: 1.1139
[1m 66/234[0m [32m=====[0m[37m===============[0m [1m12s[0m 77ms/step - accuracy: 0.5900 - loss: 1.1100
[1m 67/234[0m [32m=====[0m[37m===============[0m [1m12s[0m 77ms/step - accuracy: 0.5928 - loss: 1.1060
[1m 68/234[0m [32m=====[0m[37m===============[0m [1m12s[0m 77ms/step - accuracy: 0.5955 - loss: 1.1022
[1m 69/234[0m [32m=====[0m[37m===============[0m [1m12s[0m 77ms/step - accuracy: 0.5982 - loss: 1.0984
[1m 70/234[0m [32m=====[0m[37m===============[0m [1m12s[0m 77ms/step - accuracy: 0.6009 - loss: 1.0946
[1m 71/234[0m [32m======[0m[37m==============[0m [1m12s[0m 77ms/step - accuracy: 0.6035 - loss: 1.0909
[1m 72/234[0m [32m======[0m[37m==============[0m [1m12s[0m 77ms/step - accuracy: 0.6061 - loss: 1.0873
[1m 73/234[0m [32m======[0m[37m==============[0m [1m12s[0m 77ms/step - accuracy: 0.6086 - loss: 1.0837
[1m 74/234[0m [32m======[0m[37m==============[0m [1m12s[0m 77ms/step - accuracy: 0.6111 - loss: 1.0801
[1m 75/234[0m [32m======[0m[37m==============[0m [1m12s[0m 77ms/step - accuracy: 0.6135 - loss: 1.0766
[1m 76/234[0m [32m======[0m[37m==============[0m [1m12s[0m 77ms/step - accuracy: 0.6159 - loss: 1.0731
[1m 77/234[0m [32m======[0m[37m==============[0m [1m12s[0m 77ms/step - accuracy: 0.6183 - loss: 1.0698
[1m 78/234[0m [32m======[0m[37m==============[0m [1m11s[0m 77ms/step - accuracy: 0.6206 - loss: 1.0664
[1m 79/234[0m [32m======[0m[37m==============[0m [1m11s[0m 77ms/step - accuracy: 0.6229 - loss: 1.0631
[1m 80/234[0m [32m======[0m[37m==============[0m [1m11s[0m 77ms/step - accuracy: 0.6252 - loss: 1.0598
[1m 81/234[0m [32m======[0m[37m==============[0m [1m11s[0m 77ms/step - accuracy: 0.6274 - loss: 1.0566
[1m 82/234[0m [32m=======[0m[37m=============[0m [1m11s[0m 77ms/step - accuracy: 0.6296 - loss: 1.0534
[1m 83/234[0m [32m=======[0m[37m=============[0m [1m11s[0m 77ms/step - accuracy: 0.6318 - loss: 1.0503
[1m 84/234[0m [32m=======[0m[37m=============[0m [1m11s[0m 77ms/step - accuracy: 0.6339 - loss: 1.0472
[1m 85/234[0m [32m=======[0m[37m=============[0m [1m11s[0m 77ms/step - accuracy: 0.6360 - loss: 1.0441
[1m 86/234[0m [32m=======[0m[37m=============[0m [1m11s[0m 77ms/step - accuracy: 0.6381 - loss: 1.0411
[1m 87/234[0m [32m=======[0m[37m=============[0m [1m11s[0m 77ms/step - accuracy: 0.6401 - loss: 1.0380
[1m 88/234[0m [32m=======[0m[37m=============[0m [1m11s[0m 77ms/step - accuracy: 0.6421 - loss: 1.0350
[1m 89/234[0m [32m=======[0m[37m=============[0m [1m11s[0m 77ms/step - accuracy: 0.6441 - loss: 1.0320
[1m 90/234[0m [32m=======[0m[37m=============[0m [1m11s[0m 77ms/step - accuracy: 0.6460 - loss: 1.0290
[1m 91/234[0m [32m=======[0m[37m=============[0m [1m11s[0m 77ms/step - accuracy: 0.6480 - loss: 1.0261
[1m 92/234[0m [32m=======[0m[37m=============[0m [1m10s[0m 77ms/step - accuracy: 0.6498 - loss: 1.0232
[1m 93/234[0m [32m=======[0m[37m=============[0m [1m10s[0m 77ms/step - accuracy: 0.6517 - loss: 1.0204
[1m 94/234[0m [32m========[0m[37m============[0m [1m10s[0m 77ms/step - accuracy: 0.6536 - loss: 1.0176
[1m 95/234[0m [32m========[0m[37m============[0m [1m10s[0m 77ms/step - accuracy: 0.6554 - loss: 1.0149
[1m 96/234[0m [32m========[0m[37m============[0m [1m10s[0m 77ms/step - accuracy: 0.6572 - loss: 1.0122
[1m 97/234[0m [32m========[0m[37m============[0m [1m10s[0m 77ms/step - accuracy: 0.6589 - loss: 1.0095
[1m 98/234[0m [32m========[0m[37m============[0m [1m10s[0m 77ms/step - accuracy: 0.6607 - loss: 1.0152
[1m 99/234[0m [32m========[0m[37m============[0m [1m10s[0m 77ms/step - accuracy: 0.6624 - loss: 1.0207
[1m100/234[0m [32m========[0m[37m============[0m [1m10s[0m 77ms/step - accuracy: 0.6641 - loss: 1.0261
[1m101/234[0m [32m========[0m[37m============[0m [1m10s[0m 77ms/step - accuracy: 0.6658 - loss: 1.0311
[1m102/234[0m [32m========[0m[37m============[0m [1m10s[0m 77ms/step - accuracy: 0.6674 - loss: 1.0360
[1m103/234[0m [32m========[0m[37m============[0m [1m10s[0m 77ms/step - accuracy: 0.6690 - loss: 1.0407
[1m104/234[0m [32m========[0m[37m============[0m [1m9s[0m 77ms/step - accuracy: 0.6707 - loss: 1.0451 
[1m105/234[0m [32m========[0m[37m============[0m [1m9s[0m 77ms/step - accuracy: 0.6723 - loss: 1.0494
[1m106/234[0m [32m=========[0m[37m===========[0m [1m9s[0m 77ms/step - accuracy: 0.6738 - loss: 1.0535
[1m107/234[0m [32m=========[0m[37m===========[0m [1m9s[0m 77ms/step - accuracy: 0.6754 - loss: 1.0574
[1m108/234[0m [32m=========[0m[37m===========[0m [1m9s[0m 77ms/step - accuracy: 0.6769 - loss: 1.0611
[1m109/234[0m [32m=========[0m[37m===========[0m [1m9s[0m 77ms/step - accuracy: 0.6785 - loss: 1.0648
[1m110/234[0m [32m=========[0m[37m===========[0m [1m9s[0m 77ms/step - accuracy: 0.6800 - loss: 1.0683
[1m111/234[0m [32m=========[0m[37m===========[0m [1m9s[0m 77ms/step - accuracy: 0.6814 - loss: 1.0717
[1m112/234[0m [32m=========[0m[37m===========[0m [1m9s[0m 77ms/step - accuracy: 0.6829 - loss: 1.0750
[1m113/234[0m [32m=========[0m[37m===========[0m [1m9s[0m 77ms/step - accuracy: 0.6844 - loss: 1.0782
[1m114/234[0m [32m=========[0m[37m===========[0m [1m9s[0m 77ms/step - accuracy: 0.6858 - loss: 1.0813
[1m115/234[0m [32m=========[0m[37m===========[0m [1m9s[0m 77ms/step - accuracy: 0.6872 - loss: 1.0842
[1m116/234[0m [32m=========[0m[37m===========[0m [1m9s[0m 77ms/step - accuracy: 0.6886 - loss: 1.0871
[1m117/234[0m [32m==========[0m[37m==========[0m [1m8s[0m 77ms/step - accuracy: 0.6900 - loss: 1.0898
[1m118/234[0m [32m==========[0m[37m==========[0m [1m8s[0m 76ms/step - accuracy: 0.6913 - loss: 1.0925
[1m119/234[0m [32m==========[0m[37m==========[0m [1m8s[0m 76ms/step - accuracy: 0.6927 - loss: 1.0951
[1m120/234[0m [32m==========[0m[37m==========[0m [1m8s[0m 76ms/step - accuracy: 0.6940 - loss: 1.0976
[1m121/234[0m [32m==========[0m[37m==========[0m [1m8s[0m 76ms/step - accuracy: 0.6953 - loss: 1.0999
[1m122/234[0m [32m==========[0m[37m==========[0m [1m8s[0m 76ms/step - accuracy: 0.6966 - loss: 1.1022
[1m123/234[0m [32m==========[0m[37m==========[0m [1m8s[0m 76ms/step - accuracy: 0.6979 - loss: 1.1044
[1m124/234[0m [32m==========[0m[37m==========[0m [1m8s[0m 76ms/step - accuracy: 0.6992 - loss: 1.1065
[1m125/234[0m [32m==========[0m[37m==========[0m [1m8s[0m 76ms/step - accuracy: 0.7004 - loss: 1.1085
[1m126/234[0m [32m==========[0m[37m==========[0m [1m8s[0m 76ms/step - accuracy: 0.7017 - loss: 1.1104
[1m127/234[0m [32m==========[0m[37m==========[0m [1m8s[0m 76ms/step - accuracy: 0.7029 - loss: 1.1122
[1m128/234[0m [32m==========[0m[37m==========[0m [1m8s[0m 76ms/step - accuracy: 0.7041 - loss: 1.1139
[1m129/234[0m [32m===========[0m[37m=========[0m [1m8s[0m 76ms/step - accuracy: 0.7053 - loss: 1.1155
[1m130/234[0m [32m===========[0m[37m=========[0m [1m7s[0m 76ms/step - accuracy: 0.7065 - loss: 1.1171
[1m131/234[0m [32m===========[0m[37m=========[0m [1m7s[0m 76ms/step - accuracy: 0.7077 - loss: 1.1186
[1m132/234[0m [32m===========[0m[37m=========[0m [1m7s[0m 76ms/step - accuracy: 0.7088 - loss: 1.1200
[1m133/234[0m [32m===========[0m[37m=========[0m [1m7s[0m 76ms/step - accuracy: 0.7100 - loss: 1.1214
[1m134/234[0m [32m===========[0m[37m=========[0m [1m7s[0m 76ms/step - accuracy: 0.7111 - loss: 1.1226
[1m135/234[0m [32m===========[0m[37m=========[0m [1m7s[0m 76ms/step - accuracy: 0.7123 - loss: 1.1238
[1m136/234[0m [32m===========[0m[37m=========[0m [1m7s[0m 76ms/step - accuracy: 0.7134 - loss: 1.1249
[1m137/234[0m [32m===========[0m[37m=========[0m [1m7s[0m 76ms/step - accuracy: 0.7145 - loss: 1.1259
[1m138/234[0m [32m===========[0m[37m=========[0m [1m7s[0m 76ms/step - accuracy: 0.7156 - loss: 1.1269
[1m139/234[0m [32m===========[0m[37m=========[0m [1m7s[0m 76ms/step - accuracy: 0.7167 - loss: 1.1278
[1m140/234[0m [32m===========[0m[37m=========[0m [1m7s[0m 76ms/step - accuracy: 0.7177 - loss: 1.1287
[1m141/234[0m [32m============[0m[37m========[0m [1m7s[0m 76ms/step - accuracy: 0.7188 - loss: 1.1295
[1m142/234[0m [32m============[0m[37m========[0m [1m7s[0m 76ms/step - accuracy: 0.7198 - loss: 1.1303
[1m143/234[0m [32m============[0m[37m========[0m [1m6s[0m 76ms/step - accuracy: 0.7209 - loss: 1.1310
[1m144/234[0m [32m============[0m[37m========[0m [1m6s[0m 76ms/step - accuracy: 0.7219 - loss: 1.1317
[1m145/234[0m [32m============[0m[37m========[0m [1m6s[0m 76ms/step - accuracy: 0.7229 - loss: 1.1323
[1m146/234[0m [32m============[0m[37m========[0m [1m6s[0m 76ms/step - accuracy: 0.7239 - loss: 1.1328
[1m147/234[0m [32m============[0m[37m========[0m [1m6s[0m 76ms/step - accuracy: 0.7249 - loss: 1.1333
[1m148/234[0m [32m============[0m[37m========[0m [1m6s[0m 76ms/step - accuracy: 0.7259 - loss: 1.1338
[1m149/234[0m [32m============[0m[37m========[0m [1m6s[0m 76ms/step - accuracy: 0.7269 - loss: 1.1342
[1m150/234[0m [32m============[0m[37m========[0m [1m6s[0m 76ms/step - accuracy: 0.7279 - loss: 1.1346
[1m151/234[0m [32m============[0m[37m========[0m [1m6s[0m 76ms/step - accuracy: 0.7288 - loss: 1.1350
[1m152/234[0m [32m============[0m[37m========[0m [1m6s[0m 76ms/step - accuracy: 0.7298 - loss: 1.1353
[1m153/234[0m [32m=============[0m[37m=======[0m [1m6s[0m 76ms/step - accuracy: 0.7307 - loss: 1.1356
[1m155/234[0m [32m=============[0m[37m=======[0m [1m5s[0m 76ms/step - accuracy: 0.7326 - loss: 1.1360
[1m156/234[0m [32m=============[0m[37m=======[0m [1m5s[0m 76ms/step - accuracy: 0.7335 - loss: 1.1362
[1m157/234[0m [32m=============[0m[37m=======[0m [1m5s[0m 75ms/step - accuracy: 0.7344 - loss: 1.1364
[1m158/234[0m [32m=============[0m[37m=======[0m [1m5s[0m 75ms/step - accuracy: 0.7353 - loss: 1.1365
[1m160/234[0m [32m=============[0m[37m=======[0m [1m5s[0m 75ms/step - accuracy: 0.7370 - loss: 1.1366
[1m162/234[0m [32m=============[0m[37m=======[0m [1m5s[0m 74ms/step - accuracy: 0.7388 - loss: 1.1366
[1m164/234[0m [32m==============[0m[37m======[0m [1m5s[0m 74ms/step - accuracy: 0.7405 - loss: 1.1365
[1m167/234[0m [32m==============[0m[37m======[0m [1m4s[0m 73ms/step - accuracy: 0.7430 - loss: 1.1362
[1m170/234[0m [32m==============[0m[37m======[0m [1m4s[0m 72ms/step - accuracy: 0.7454 - loss: 1.1356
[1m172/234[0m [32m==============[0m[37m======[0m [1m4s[0m 72ms/step - accuracy: 0.7470 - loss: 1.1352
[1m175/234[0m [32m==============[0m[37m======[0m [1m4s[0m 71ms/step - accuracy: 0.7494 - loss: 1.1344
[1m177/234[0m [32m===============[0m[37m=====[0m [1m4s[0m 70ms/step - accuracy: 0.7509 - loss: 1.1339
[1m180/234[0m [32m===============[0m[37m=====[0m [1m3s[0m 70ms/step - accuracy: 0.7531 - loss: 1.1329
[1m183/234[0m [32m===============[0m[37m=====[0m [1m3s[0m 69ms/step - accuracy: 0.7553 - loss: 1.1317
[1m186/234[0m [32m===============[0m[37m=====[0m [1m3s[0m 68ms/step - accuracy: 0.7574 - loss: 1.1338
[1m189/234[0m [32m================[0m[37m====[0m [1m3s[0m 67ms/step - accuracy: 0.7595 - loss: 1.1356
[1m192/234[0m [32m================[0m[37m====[0m [1m2s[0m 67ms/step - accuracy: 0.7615 - loss: 1.1372
[1m195/234[0m [32m================[0m[37m====[0m [1m2s[0m 66ms/step - accuracy: 0.7635 - loss: 1.1386
[1m198/234[0m [32m================[0m[37m====[0m [1m2s[0m 66ms/step - accuracy: 0.7654 - loss: 1.1397
[1m200/234[0m [32m=================[0m[37m===[0m [1m2s[0m 65ms/step - accuracy: 0.7667 - loss: 1.1404
[1m203/234[0m [32m=================[0m[37m===[0m [1m1s[0m 64ms/step - accuracy: 0.7686 - loss: 1.1412
[1m205/234[0m [32m=================[0m[37m===[0m [1m1s[0m 64ms/step - accuracy: 0.7698 - loss: 1.1416
[1m207/234[0m [32m=================[0m[37m===[0m [1m1s[0m 64ms/step - accuracy: 0.7710 - loss: 1.1419
[1m210/234[0m [32m=================[0m[37m===[0m [1m1s[0m 63ms/step - accuracy: 0.7727 - loss: 1.1423
[1m212/234[0m [32m==================[0m[37m==[0m [1m1s[0m 63ms/step - accuracy: 0.7739 - loss: 1.1425
[1m215/234[0m [32m==================[0m[37m==[0m [1m1s[0m 62ms/step - accuracy: 0.7756 - loss: 1.1426
[1m217/234[0m [32m==================[0m[37m==[0m [1m1s[0m 62ms/step - accuracy: 0.7767 - loss: 1.1426
[1m220/234[0m [32m==================[0m[37m==[0m [1m0s[0m 62ms/step - accuracy: 0.7783 - loss: 1.1424
[1m222/234[0m [32m==================[0m[37m==[0m [1m0s[0m 61ms/step - accuracy: 0.7794 - loss: 1.1422
[1m225/234[0m [32m===================[0m[37m=[0m [1m0s[0m 61ms/step - accuracy: 0.7810 - loss: 1.1419
[1m227/234[0m [32m===================[0m[37m=[0m [1m0s[0m 60ms/step - accuracy: 0.7820 - loss: 1.1416
[1m230/234[0m [32m===================[0m[37m=[0m [1m0s[0m 60ms/step - accuracy: 0.7836 - loss: 1.1410
[1m232/234[0m [32m===================[0m[37m=[0m [1m0s[0m 60ms/step - accuracy: 0.7846 - loss: 1.1406
[1m234/234[0m [32m====================[0m[37m[0m [1m0s[0m 59ms/step - accuracy: 0.7855 - loss: 1.1401
[1m234/234[0m [32m====================[0m[37m[0m [1m28s[0m 67ms/step - accuracy: 0.9006 - loss: 1.0825 - val_accuracy: 0.9520 - val_loss: 0.1631
Epoch 2/12

[1m  1/234[0m [37m====================[0m [1m18s[0m 81ms/step - accuracy: 0.9570 - loss: 0.5366
[1m  4/234[0m [37m====================[0m [1m5s[0m 22ms/step - accuracy: 0.9456 - loss: 0.5568 
[1m  6/234[0m [37m====================[0m [1m5s[0m 26ms/step - accuracy: 0.9447 - loss: 0.5205
[1m  8/234[0m [37m====================[0m [1m6s[0m 27ms/step - accuracy: 0.9449 - loss: 0.4912
[1m 10/234[0m [37m====================[0m [1m6s[0m 28ms/step - accuracy: 0.9450 - loss: 0.4728
[1m 13/234[0m [32m=[0m[37m===================[0m [1m5s[0m 27ms/step - accuracy: 0.9445 - loss: 0.4581
[1m 16/234[0m [32m=[0m[37m===================[0m [1m5s[0m 26ms/step - accuracy: 0.9442 - loss: 0.4442
[1m 19/234[0m [32m=[0m[37m===================[0m [1m5s[0m 26ms/step - accuracy: 0.9438 - loss: 0.4342
[1m 22/234[0m [32m=[0m[37m===================[0m [1m5s[0m 25ms/step - accuracy: 0.9434 - loss: 0.4269
[1m 24/234[0m [32m==[0m[37m==================[0m [1m5s[0m 25ms/step - accuracy: 0.9433 - loss: 0.4227
[1m 26/234[0m [32m==[0m[37m==================[0m [1m5s[0m 26ms/step - accuracy: 0.9433 - loss: 0.4189
[1m 29/234[0m [32m==[0m[37m==================[0m [1m5s[0m 25ms/step - accuracy: 0.9431 - loss: 0.4145
[1m 31/234[0m [32m==[0m[37m==================[0m [1m5s[0m 26ms/step - accuracy: 0.9430 - loss: 0.4130
[1m 34/234[0m [32m==[0m[37m==================[0m [1m5s[0m 25ms/step - accuracy: 0.9429 - loss: 0.4100
[1m 37/234[0m [32m===[0m[37m=================[0m [1m5s[0m 25ms/step - accuracy: 0.9429 - loss: 0.6028
[1m 40/234[0m [32m===[0m[37m=================[0m [1m4s[0m 25ms/step - accuracy: 0.9430 - loss: 0.7523
[1m 42/234[0m [32m===[0m[37m=================[0m [1m4s[0m 26ms/step - accuracy: 0.9431 - loss: 0.8336
[1m 44/234[0m [32m===[0m[37m=================[0m [1m4s[0m 26ms/step - accuracy: 0.9432 - loss: 0.9028
[1m 47/234[0m [32m====[0m[37m================[0m [1m4s[0m 26ms/step - accuracy: 0.9434 - loss: 0.9883
[1m 49/234[0m [32m====[0m[37m================[0m [1m4s[0m 26ms/step - accuracy: 0.9435 - loss: 1.0354
[1m 51/234[0m [32m====[0m[37m================[0m [1m4s[0m 26ms/step - accuracy: 0.9436 - loss: 1.0761
[1m 53/234[0m [32m====[0m[37m================[0m [1m4s[0m 26ms/step - accuracy: 0.9437 - loss: 1.1115
[1m 56/234[0m [32m====[0m[37m================[0m [1m4s[0m 26ms/step - accuracy: 0.9438 - loss: 1.1558
[1m 58/234[0m [32m====[0m[37m================[0m [1m4s[0m 26ms/step - accuracy: 0.9439 - loss: 1.1808
[1m 60/234[0m [32m=====[0m[37m===============[0m [1m4s[0m 26ms/step - accuracy: 0.9440 - loss: 1.2025
[1m 62/234[0m [32m=====[0m[37m===============[0m [1m4s[0m 26ms/step - accuracy: 0.9441 - loss: 1.2213
[1m 64/234[0m [32m=====[0m[37m===============[0m [1m4s[0m 26ms/step - accuracy: 0.9442 - loss: 1.2375
[1m 67/234[0m [32m=====[0m[37m===============[0m [1m4s[0m 26ms/step - accuracy: 0.9444 - loss: 1.2575
[1m 70/234[0m [32m=====[0m[37m===============[0m [1m4s[0m 26ms/step - accuracy: 0.9445 - loss: 1.2734
[1m 73/234[0m [32m======[0m[37m==============[0m [1m4s[0m 26ms/step - accuracy: 0.9447 - loss: 1.2856
[1m 75/234[0m [32m======[0m[37m==============[0m [1m4s[0m 26ms/step - accuracy: 0.9448 - loss: 1.2920
[1m 78/234[0m [32m======[0m[37m==============[0m [1m3s[0m 26ms/step - accuracy: 0.9449 - loss: 1.2998
[1m 81/234[0m [32m======[0m[37m==============[0m [1m3s[0m 26ms/step - accuracy: 0.9451 - loss: 1.3055
[1m 84/234[0m [32m=======[0m[37m=============[0m [1m3s[0m 26ms/step - accuracy: 0.9452 - loss: 1.3098
[1m 87/234[0m [32m=======[0m[37m=============[0m [1m3s[0m 25ms/step - accuracy: 0.9454 - loss: 1.3126
[1m 90/234[0m [32m=======[0m[37m=============[0m [1m3s[0m 25ms/step - accuracy: 0.9456 - loss: 1.3140
[1m 93/234[0m [32m=======[0m[37m=============[0m [1m3s[0m 25ms/step - accuracy: 0.9458 - loss: 1.3143
[1m 96/234[0m [32m========[0m[37m============[0m [1m3s[0m 25ms/step - accuracy: 0.9459 - loss: 1.3134
[1m100/234[0m [32m========[0m[37m============[0m [1m3s[0m 25ms/step - accuracy: 0.9461 - loss: 1.3114
[1m103/234[0m [32m========[0m[37m============[0m [1m3s[0m 25ms/step - accuracy: 0.9462 - loss: 1.3091
[1m106/234[0m [32m=========[0m[37m===========[0m [1m3s[0m 25ms/step - accuracy: 0.9464 - loss: 1.3061
[1m108/234[0m [32m=========[0m[37m===========[0m [1m3s[0m 25ms/step - accuracy: 0.9465 - loss: 1.3039
[1m111/234[0m [32m=========[0m[37m===========[0m [1m3s[0m 25ms/step - accuracy: 0.9466 - loss: 1.3001
[1m114/234[0m [32m=========[0m[37m===========[0m [1m2s[0m 25ms/step - accuracy: 0.9467 - loss: 1.2960
[1m117/234[0m [32m==========[0m[37m==========[0m [1m2s[0m 25ms/step - accuracy: 0.9468 - loss: 1.2915
[1m120/234[0m [32m==========[0m[37m==========[0m [1m2s[0m 25ms/step - accuracy: 0.9469 - loss: 1.2867
[1m123/234[0m [32m==========[0m[37m==========[0m [1m2s[0m 25ms/step - accuracy: 0.9470 - loss: 1.2816
[1m126/234[0m [32m==========[0m[37m==========[0m [1m2s[0m 25ms/step - accuracy: 0.9471 - loss: 1.2763
[1m129/234[0m [32m===========[0m[37m=========[0m [1m2s[0m 25ms/step - accuracy: 0.9473 - loss: 1.2708
[1m132/234[0m [32m===========[0m[37m=========[0m [1m2s[0m 25ms/step - accuracy: 0.9474 - loss: 1.2651
[1m135/234[0m [32m===========[0m[37m=========[0m [1m2s[0m 25ms/step - accuracy: 0.9475 - loss: 1.2653
[1m138/234[0m [32m===========[0m[37m=========[0m [1m2s[0m 25ms/step - accuracy: 0.9476 - loss: 1.2681
[1m141/234[0m [32m============[0m[37m========[0m [1m2s[0m 24ms/step - accuracy: 0.9477 - loss: 1.2702
[1m144/234[0m [32m============[0m[37m========[0m [1m2s[0m 24ms/step - accuracy: 0.9478 - loss: 1.2718
[1m147/234[0m [32m============[0m[37m========[0m [1m2s[0m 24ms/step - accuracy: 0.9479 - loss: 1.2729
[1m149/234[0m [32m============[0m[37m========[0m [1m2s[0m 24ms/step - accuracy: 0.9480 - loss: 1.2735
[1m151/234[0m [32m============[0m[37m========[0m [1m2s[0m 24ms/step - accuracy: 0.9480 - loss: 1.2739
[1m153/234[0m [32m=============[0m[37m=======[0m [1m1s[0m 24ms/step - accuracy: 0.9481 - loss: 1.2742
[1m155/234[0m [32m=============[0m[37m=======[0m [1m1s[0m 25ms/step - accuracy: 0.9481 - loss: 1.2744
[1m157/234[0m [32m=============[0m[37m=======[0m [1m1s[0m 25ms/step - accuracy: 0.9482 - loss: 1.2745
[1m160/234[0m [32m=============[0m[37m=======[0m [1m1s[0m 25ms/step - accuracy: 0.9483 - loss: 1.2742
[1m163/234[0m [32m=============[0m[37m=======[0m [1m1s[0m 24ms/step - accuracy: 0.9483 - loss: 1.2737
[1m166/234[0m [32m==============[0m[37m======[0m [1m1s[0m 24ms/step - accuracy: 0.9484 - loss: 1.2730
[1m169/234[0m [32m==============[0m[37m======[0m [1m1s[0m 24ms/step - accuracy: 0.9485 - loss: 1.2722
[1m172/234[0m [32m==============[0m[37m======[0m [1m1s[0m 24ms/step - accuracy: 0.9486 - loss: 1.2712
[1m174/234[0m [32m==============[0m[37m======[0m [1m1s[0m 24ms/step - accuracy: 0.9486 - loss: 1.2704
[1m176/234[0m [32m===============[0m[37m=====[0m [1m1s[0m 24ms/step - accuracy: 0.9487 - loss: 1.2696
[1m179/234[0m [32m===============[0m[37m=====[0m [1m1s[0m 24ms/step - accuracy: 0.9487 - loss: 1.2681
[1m182/234[0m [32m===============[0m[37m=====[0m [1m1s[0m 24ms/step - accuracy: 0.9488 - loss: 1.2667
[1m185/234[0m [32m===============[0m[37m=====[0m [1m1s[0m 24ms/step - accuracy: 0.9489 - loss: 1.2651
[1m187/234[0m [32m===============[0m[37m=====[0m [1m1s[0m 24ms/step - accuracy: 0.9489 - loss: 1.2640
[1m190/234[0m [32m================[0m[37m====[0m [1m1s[0m 24ms/step - accuracy: 0.9490 - loss: 1.2622
[1m192/234[0m [32m================[0m[37m====[0m [1m1s[0m 24ms/step - accuracy: 0.9490 - loss: 1.2609
[1m195/234[0m [32m================[0m[37m====[0m [1m0s[0m 24ms/step - accuracy: 0.9491 - loss: 1.2589
[1m198/234[0m [32m================[0m[37m====[0m [1m0s[0m 24ms/step - accuracy: 0.9492 - loss: 1.2569
[1m201/234[0m [32m=================[0m[37m===[0m [1m0s[0m 24ms/step - accuracy: 0.9492 - loss: 1.2548
[1m203/234[0m [32m=================[0m[37m===[0m [1m0s[0m 24ms/step - accuracy: 0.9493 - loss: 1.2533
[1m206/234[0m [32m=================[0m[37m===[0m [1m0s[0m 24ms/step - accuracy: 0.9493 - loss: 1.2511
[1m208/234[0m [32m=================[0m[37m===[0m [1m0s[0m 24ms/step - accuracy: 0.9494 - loss: 1.2495
[1m210/234[0m [32m=================[0m[37m===[0m [1m0s[0m 24ms/step - accuracy: 0.9494 - loss: 1.2480
[1m211/234[0m [32m==================[0m[37m==[0m [1m0s[0m 25ms/step - accuracy: 0.9494 - loss: 1.2472
[1m213/234[0m [32m==================[0m[37m==[0m [1m0s[0m 25ms/step - accuracy: 0.9494 - loss: 1.2455
[1m215/234[0m [32m==================[0m[37m==[0m [1m0s[0m 25ms/step - accuracy: 0.9495 - loss: 1.2438
[1m217/234[0m [32m==================[0m[37m==[0m [1m0s[0m 25ms/step - accuracy: 0.9495 - loss: 1.2421
[1m219/234[0m [32m==================[0m[37m==[0m [1m0s[0m 26ms/step - accuracy: 0.9495 - loss: 1.2404
[1m222/234[0m [32m==================[0m[37m==[0m [1m0s[0m 26ms/step - accuracy: 0.9496 - loss: 1.2377
[1m225/234[0m [32m===================[0m[37m=[0m [1m0s[0m 25ms/step - accuracy: 0.9496 - loss: 1.2350
[1m228/234[0m [32m===================[0m[37m=[0m [1m0s[0m 25ms/step - accuracy: 0.9497 - loss: 1.2321
[1m230/234[0m [32m===================[0m[37m=[0m [1m0s[0m 25ms/step - accuracy: 0.9497 - loss: 1.2302
[1m232/234[0m [32m===================[0m[37m=[0m [1m0s[0m 25ms/step - accuracy: 0.9498 - loss: 1.2283
[1m234/234[0m [32m====================[0m[37m[0m [1m7s[0m 29ms/step - accuracy: 0.9536 - loss: 0.9961 - val_accuracy: 0.9574 - val_loss: 0.1525
Epoch 3/12

[1m  1/234[0m [37m====================[0m [1m24s[0m 103ms/step - accuracy: 0.9570 - loss: 0.2355
[1m  3/234[0m [37m====================[0m [1m8s[0m 36ms/step - accuracy: 0.9625 - loss: 0.2581  
[1m  5/234[0m [37m====================[0m [1m8s[0m 36ms/step - accuracy: 0.9629 - loss: 0.2857
[1m  7/234[0m [37m====================[0m [1m7s[0m 35ms/step - accuracy: 0.9614 - loss: 0.3234
[1m  9/234[0m [37m====================[0m [1m8s[0m 36ms/step - accuracy: 0.9613 - loss: 0.3366
[1m 11/234[0m [37m====================[0m [1m8s[0m 36ms/step - accuracy: 0.9609 - loss: 0.3513
[1m 13/234[0m [32m=[0m[37m===================[0m [1m7s[0m 36ms/step - accuracy: 0.9603 - loss: 0.3585
[1m 15/234[0m [32m=[0m[37m===================[0m [1m7s[0m 35ms/step - accuracy: 0.9599 - loss: 0.3656
[1m 18/234[0m [32m=[0m[37m===================[0m [1m6s[0m 32ms/step - accuracy: 0.9596 - loss: 0.3692
[1m 20/234[0m [32m=[0m[37m===================[0m [1m6s[0m 32ms/step - accuracy: 0.9596 - loss: 0.3707
[1m 23/234[0m [32m=[0m[37m===================[0m [1m6s[0m 31ms/step - accuracy: 0.9594 - loss: 0.3749
[1m 25/234[0m [32m==[0m[37m==================[0m [1m6s[0m 31ms/step - accuracy: 0.9593 - loss: 0.3773
[1m 28/234[0m [32m==[0m[37m==================[0m [1m6s[0m 30ms/step - accuracy: 0.9592 - loss: 0.3794
[1m 31/234[0m [32m==[0m[37m==================[0m [1m5s[0m 29ms/step - accuracy: 0.9591 - loss: 0.3797
[1m 34/234[0m [32m==[0m[37m==================[0m [1m5s[0m 29ms/step - accuracy: 0.9590 - loss: 0.3791
[1m 36/234[0m [32m===[0m[37m=================[0m [1m5s[0m 29ms/step - accuracy: 0.9589 - loss: 0.3789
[1m 39/234[0m [32m===[0m[37m=================[0m [1m5s[0m 29ms/step - accuracy: 0.9588 - loss: 0.3775
[1m 42/234[0m [32m===[0m[37m=================[0m [1m5s[0m 28ms/step - accuracy: 0.9587 - loss: 0.3757
[1m 44/234[0m [32m===[0m[37m=================[0m [1m5s[0m 28ms/step - accuracy: 0.9586 - loss: 0.3745
[1m 47/234[0m [32m====[0m[37m================[0m [1m5s[0m 28ms/step - accuracy: 0.9585 - loss: 0.3724
[1m 49/234[0m [32m====[0m[37m================[0m [1m5s[0m 28ms/step - accuracy: 0.9584 - loss: 0.3710
[1m 52/234[0m [32m====[0m[37m================[0m [1m4s[0m 27ms/step - accuracy: 0.9583 - loss: 0.3687
[1m 55/234[0m [32m====[0m[37m================[0m [1m4s[0m 27ms/step - accuracy: 0.9582 - loss: 0.3669
[1m 57/234[0m [32m====[0m[37m================[0m [1m4s[0m 27ms/step - accuracy: 0.9581 - loss: 0.3658
[1m 60/234[0m [32m=====[0m[37m===============[0m [1m4s[0m 27ms/step - accuracy: 0.9581 - loss: 0.4347
[1m 62/234[0m [32m=====[0m[37m===============[0m [1m4s[0m 27ms/step - accuracy: 0.9581 - loss: 0.4752
[1m 65/234[0m [32m=====[0m[37m===============[0m [1m4s[0m 27ms/step - accuracy: 0.9580 - loss: 0.5288
[1m 67/234[0m [32m=====[0m[37m===============[0m [1m4s[0m 27ms/step - accuracy: 0.9580 - loss: 0.5608
[1m 69/234[0m [32m=====[0m[37m===============[0m [1m4s[0m 27ms/step - accuracy: 0.9580 - loss: 0.5906
[1m 72/234[0m [32m======[0m[37m==============[0m [1m4s[0m 27ms/step - accuracy: 0.9580 - loss: 0.6305
[1m 75/234[0m [32m======[0m[37m==============[0m [1m4s[0m 27ms/step - accuracy: 0.9579 - loss: 0.6653
[1m 78/234[0m [32m======[0m[37m==============[0m [1m4s[0m 27ms/step - accuracy: 0.9579 - loss: 0.6958
[1m 81/234[0m [32m======[0m[37m==============[0m [1m4s[0m 27ms/step - accuracy: 0.9579 - loss: 0.7226
[1m 84/234[0m [32m=======[0m[37m=============[0m [1m3s[0m 26ms/step - accuracy: 0.9579 - loss: 0.7460
[1m 87/234[0m [32m=======[0m[37m=============[0m [1m3s[0m 26ms/step - accuracy: 0.9578 - loss: 0.7666
[1m 89/234[0m [32m=======[0m[37m=============[0m [1m3s[0m 26ms/step - accuracy: 0.9578 - loss: 0.7790
[1m 91/234[0m [32m=======[0m[37m=============[0m [1m3s[0m 26ms/step - accuracy: 0.9578 - loss: 0.7905
[1m 93/234[0m [32m=======[0m[37m=============[0m [1m3s[0m 26ms/step - accuracy: 0.9578 - loss: 0.8012
[1m 96/234[0m [32m========[0m[37m============[0m [1m3s[0m 26ms/step - accuracy: 0.9577 - loss: 0.8159
[1m 98/234[0m [32m========[0m[37m============[0m [1m3s[0m 26ms/step - accuracy: 0.9577 - loss: 0.8251
[1m101/234[0m [32m========[0m[37m============[0m [1m3s[0m 26ms/step - accuracy: 0.9577 - loss: 0.8379
[1m103/234[0m [32m========[0m[37m============[0m [1m3s[0m 26ms/step - accuracy: 0.9577 - loss: 0.8457
[1m106/234[0m [32m=========[0m[37m===========[0m [1m3s[0m 26ms/step - accuracy: 0.9576 - loss: 0.8562
[1m109/234[0m [32m=========[0m[37m===========[0m [1m3s[0m 26ms/step - accuracy: 0.9576 - loss: 0.8655
[1m112/234[0m [32m=========[0m[37m===========[0m [1m3s[0m 26ms/step - accuracy: 0.9576 - loss: 0.8737
[1m114/234[0m [32m=========[0m[37m===========[0m [1m3s[0m 26ms/step - accuracy: 0.9576 - loss: 0.8785
[1m117/234[0m [32m==========[0m[37m==========[0m [1m3s[0m 26ms/step - accuracy: 0.9576 - loss: 0.8851
[1m120/234[0m [32m==========[0m[37m==========[0m [1m2s[0m 26ms/step - accuracy: 0.9576 - loss: 0.8908
[1m122/234[0m [32m==========[0m[37m==========[0m [1m2s[0m 26ms/step - accuracy: 0.9576 - loss: 0.8942
[1m125/234[0m [32m==========[0m[37m==========[0m [1m2s[0m 26ms/step - accuracy: 0.9576 - loss: 0.8986
[1m127/234[0m [32m==========[0m[37m==========[0m [1m2s[0m 26ms/step - accuracy: 0.9576 - loss: 0.9012
[1m130/234[0m [32m===========[0m[37m=========[0m [1m2s[0m 26ms/step - accuracy: 0.9576 - loss: 0.9047
[1m133/234[0m [32m===========[0m[37m=========[0m [1m2s[0m 26ms/step - accuracy: 0.9576 - loss: 0.9076
[1m136/234[0m [32m===========[0m[37m=========[0m [1m2s[0m 26ms/step - accuracy: 0.9576 - loss: 0.9101
[1m139/234[0m [32m===========[0m[37m=========[0m [1m2s[0m 26ms/step - accuracy: 0.9576 - loss: 0.9121
[1m142/234[0m [32m============[0m[37m========[0m [1m2s[0m 26ms/step - accuracy: 0.9576 - loss: 0.9137
[1m145/234[0m [32m============[0m[37m========[0m [1m2s[0m 26ms/step - accuracy: 0.9576 - loss: 0.9149
[1m147/234[0m [32m============[0m[37m========[0m [1m2s[0m 26ms/step - accuracy: 0.9576 - loss: 0.9156
[1m150/234[0m [32m============[0m[37m========[0m [1m2s[0m 26ms/step - accuracy: 0.9576 - loss: 0.9163
[1m153/234[0m [32m=============[0m[37m=======[0m [1m2s[0m 26ms/step - accuracy: 0.9576 - loss: 0.9191
[1m155/234[0m [32m=============[0m[37m=======[0m [1m2s[0m 26ms/step - accuracy: 0.9576 - loss: 0.9214
[1m158/234[0m [32m=============[0m[37m=======[0m [1m1s[0m 26ms/step - accuracy: 0.9576 - loss: 0.9245
[1m161/234[0m [32m=============[0m[37m=======[0m [1m1s[0m 26ms/step - accuracy: 0.9576 - loss: 0.9273
[1m164/234[0m [32m==============[0m[37m======[0m [1m1s[0m 26ms/step - accuracy: 0.9576 - loss: 0.9297
[1m167/234[0m [32m==============[0m[37m======[0m [1m1s[0m 26ms/step - accuracy: 0.9576 - loss: 0.9319
[1m169/234[0m [32m==============[0m[37m======[0m [1m1s[0m 26ms/step - accuracy: 0.9576 - loss: 0.9331
[1m172/234[0m [32m==============[0m[37m======[0m [1m1s[0m 26ms/step - accuracy: 0.9576 - loss: 0.9347
[1m175/234[0m [32m==============[0m[37m======[0m [1m1s[0m 26ms/step - accuracy: 0.9576 - loss: 0.9360
[1m177/234[0m [32m===============[0m[37m=====[0m [1m1s[0m 26ms/step - accuracy: 0.9576 - loss: 0.9368
[1m180/234[0m [32m===============[0m[37m=====[0m [1m1s[0m 26ms/step - accuracy: 0.9576 - loss: 0.9377
[1m182/234[0m [32m===============[0m[37m=====[0m [1m1s[0m 26ms/step - accuracy: 0.9576 - loss: 0.9382
[1m184/234[0m [32m===============[0m[37m=====[0m [1m1s[0m 26ms/step - accuracy: 0.9576 - loss: 0.9387
[1m187/234[0m [32m===============[0m[37m=====[0m [1m1s[0m 26ms/step - accuracy: 0.9576 - loss: 0.9391
[1m190/234[0m [32m================[0m[37m====[0m [1m1s[0m 26ms/step - accuracy: 0.9576 - loss: 0.9394
[1m193/234[0m [32m================[0m[37m====[0m [1m1s[0m 25ms/step - accuracy: 0.9576 - loss: 0.9395
[1m196/234[0m [32m================[0m[37m====[0m [1m0s[0m 26ms/step - accuracy: 0.9576 - loss: 0.9394
[1m198/234[0m [32m================[0m[37m====[0m [1m0s[0m 26ms/step - accuracy: 0.9576 - loss: 0.9393
[1m200/234[0m [32m=================[0m[37m===[0m [1m0s[0m 26ms/step - accuracy: 0.9576 - loss: 0.9391
[1m202/234[0m [32m=================[0m[37m===[0m [1m0s[0m 26ms/step - accuracy: 0.9576 - loss: 0.9389
[1m204/234[0m [32m=================[0m[37m===[0m [1m0s[0m 26ms/step - accuracy: 0.9576 - loss: 0.9386
[1m207/234[0m [32m=================[0m[37m===[0m [1m0s[0m 26ms/step - accuracy: 0.9576 - loss: 0.9381
[1m210/234[0m [32m=================[0m[37m===[0m [1m0s[0m 26ms/step - accuracy: 0.9576 - loss: 0.9375
[1m213/234[0m [32m==================[0m[37m==[0m [1m0s[0m 26ms/step - accuracy: 0.9577 - loss: 0.9368
[1m215/234[0m [32m==================[0m[37m==[0m [1m0s[0m 26ms/step - accuracy: 0.9577 - loss: 0.9363
[1m218/234[0m [32m==================[0m[37m==[0m [1m0s[0m 25ms/step - accuracy: 0.9577 - loss: 0.9354
[1m220/234[0m [32m==================[0m[37m==[0m [1m0s[0m 25ms/step - accuracy: 0.9577 - loss: 0.9347
[1m222/234[0m [32m==================[0m[37m==[0m [1m0s[0m 25ms/step - accuracy: 0.9577 - loss: 0.9340
[1m225/234[0m [32m===================[0m[37m=[0m [1m0s[0m 25ms/step - accuracy: 0.9577 - loss: 0.9330
[1m227/234[0m [32m===================[0m[37m=[0m [1m0s[0m 25ms/step - accuracy: 0.9577 - loss: 0.9322
[1m230/234[0m [32m===================[0m[37m=[0m [1m0s[0m 25ms/step - accuracy: 0.9577 - loss: 0.9310
[1m233/234[0m [32m===================[0m[37m=[0m [1m0s[0m 25ms/step - accuracy: 0.9577 - loss: 0.9298
[1m234/234[0m [32m====================[0m[37m[0m [1m7s[0m 29ms/step - accuracy: 0.9585 - loss: 0.8300 - val_accuracy: 0.9591 - val_loss: 0.1537
Epoch 4/12

[1m  1/234[0m [37m====================[0m [1m21s[0m 91ms/step - accuracy: 0.9609 - loss: 0.2991
[1m  3/234[0m [37m====================[0m [1m7s[0m 34ms/step - accuracy: 0.9605 - loss: 0.3428 
[1m  5/234[0m [37m====================[0m [1m8s[0m 36ms/step - accuracy: 0.9602 - loss: 0.5294
[1m  7/234[0m [37m====================[0m [1m8s[0m 38ms/step - accuracy: 0.9598 - loss: 0.5644
[1m  9/234[0m [37m====================[0m [1m8s[0m 38ms/step - accuracy: 0.9591 - loss: 0.5603
[1m 12/234[0m [32m=[0m[37m===================[0m [1m7s[0m 35ms/step - accuracy: 0.9586 - loss: 1.1505
[1m 15/234[0m [32m=[0m[37m===================[0m [1m7s[0m 33ms/step - accuracy: 0.9584 - loss: 1.6113
[1m 18/234[0m [32m=[0m[37m===================[0m [1m6s[0m 31ms/step - accuracy: 0.9584 - loss: 1.8250
[1m 21/234[0m [32m=[0m[37m===================[0m [1m6s[0m 30ms/step - accuracy: 0.9584 - loss: 1.9208
[1m 24/234[0m [32m==[0m[37m==================[0m [1m6s[0m 29ms/step - accuracy: 0.9584 - loss: 1.9547
[1m 27/234[0m [32m==[0m[37m==================[0m [1m5s[0m 29ms/step - accuracy: 0.9585 - loss: 1.9555
[1m 30/234[0m [32m==[0m[37m==================[0m [1m5s[0m 28ms/step - accuracy: 0.9585 - loss: 1.9394
[1m 32/234[0m [32m==[0m[37m==================[0m [1m5s[0m 28ms/step - accuracy: 0.9585 - loss: 1.9235
[1m 35/234[0m [32m==[0m[37m==================[0m [1m5s[0m 28ms/step - accuracy: 0.9585 - loss: 1.8946
[1m 37/234[0m [32m===[0m[37m=================[0m [1m5s[0m 27ms/step - accuracy: 0.9584 - loss: 1.8729
[1m 40/234[0m [32m===[0m[37m=================[0m [1m5s[0m 27ms/step - accuracy: 0.9584 - loss: 1.8384
[1m 42/234[0m [32m===[0m[37m=================[0m [1m5s[0m 27ms/step - accuracy: 0.9584 - loss: 1.8152
[1m 45/234[0m [32m===[0m[37m=================[0m [1m4s[0m 26ms/step - accuracy: 0.9583 - loss: 1.7797
[1m 47/234[0m [32m====[0m[37m================[0m [1m4s[0m 26ms/step - accuracy: 0.9583 - loss: 1.7564
[1m 50/234[0m [32m====[0m[37m================[0m [1m4s[0m 26ms/step - accuracy: 0.9583 - loss: 1.7243
[1m 53/234[0m [32m====[0m[37m================[0m [1m4s[0m 26ms/step - accuracy: 0.9582 - loss: 1.6931
[1m 56/234[0m [32m====[0m[37m================[0m [1m4s[0m 26ms/step - accuracy: 0.9582 - loss: 1.6627
[1m 58/234[0m [32m====[0m[37m================[0m [1m4s[0m 26ms/step - accuracy: 0.9582 - loss: 1.6429
[1m 61/234[0m [32m=====[0m[37m===============[0m [1m4s[0m 26ms/step - accuracy: 0.9582 - loss: 1.6139
[1m 64/234[0m [32m=====[0m[37m===============[0m [1m4s[0m 25ms/step - accuracy: 0.9582 - loss: 1.5856
[1m 66/234[0m [32m=====[0m[37m===============[0m [1m4s[0m 25ms/step - accuracy: 0.9582 - loss: 1.5673
[1m 69/234[0m [32m=====[0m[37m===============[0m [1m4s[0m 25ms/step - accuracy: 0.9582 - loss: 1.5406
[1m 72/234[0m [32m======[0m[37m==============[0m [1m4s[0m 25ms/step - accuracy: 0.9582 - loss: 1.5149
[1m 75/234[0m [32m======[0m[37m==============[0m [1m4s[0m 25ms/step - accuracy: 0.9582 - loss: 1.4901
[1m 78/234[0m [32m======[0m[37m==============[0m [1m3s[0m 25ms/step - accuracy: 0.9582 - loss: 1.4661
[1m 81/234[0m [32m======[0m[37m==============[0m [1m3s[0m 25ms/step - accuracy: 0.9582 - loss: 1.4428
[1m 83/234[0m [32m=======[0m[37m=============[0m [1m3s[0m 25ms/step - accuracy: 0.9582 - loss: 1.4277
[1m 86/234[0m [32m=======[0m[37m=============[0m [1m3s[0m 25ms/step - accuracy: 0.9583 - loss: 1.4057
[1m 89/234[0m [32m=======[0m[37m=============[0m [1m3s[0m 25ms/step - accuracy: 0.9583 - loss: 1.3845
[1m 91/234[0m [32m=======[0m[37m=============[0m [1m3s[0m 25ms/step - accuracy: 0.9583 - loss: 1.3708
[1m 94/234[0m [32m========[0m[37m============[0m [1m3s[0m 25ms/step - accuracy: 0.9584 - loss: 1.3509
[1m 97/234[0m [32m========[0m[37m============[0m [1m3s[0m 25ms/step - accuracy: 0.9584 - loss: 1.3316
[1m 99/234[0m [32m========[0m[37m============[0m [1m3s[0m 25ms/step - accuracy: 0.9584 - loss: 1.3191
[1m101/234[0m [32m========[0m[37m============[0m [1m3s[0m 25ms/step - accuracy: 0.9585 - loss: 1.3071
[1m104/234[0m [32m========[0m[37m============[0m [1m3s[0m 25ms/step - accuracy: 0.9585 - loss: 1.2895
[1m106/234[0m [32m=========[0m[37m===========[0m [1m3s[0m 25ms/step - accuracy: 0.9585 - loss: 1.2782
[1m108/234[0m [32m=========[0m[37m===========[0m [1m3s[0m 25ms/step - accuracy: 0.9585 - loss: 1.2672
[1m111/234[0m [32m=========[0m[37m===========[0m [1m3s[0m 25ms/step - accuracy: 0.9586 - loss: 1.2512
[1m114/234[0m [32m=========[0m[37m===========[0m [1m2s[0m 25ms/step - accuracy: 0.9586 - loss: 1.2357
[1m116/234[0m [32m=========[0m[37m===========[0m [1m2s[0m 25ms/step - accuracy: 0.9586 - loss: 1.2257
[1m119/234[0m [32m==========[0m[37m==========[0m [1m2s[0m 25ms/step - accuracy: 0.9586 - loss: 1.2110
[1m122/234[0m [32m==========[0m[37m==========[0m [1m2s[0m 25ms/step - accuracy: 0.9587 - loss: 1.1967
[1m125/234[0m [32m==========[0m[37m==========[0m [1m2s[0m 25ms/step - accuracy: 0.9587 - loss: 1.1828
[1m128/234[0m [32m==========[0m[37m==========[0m [1m2s[0m 25ms/step - accuracy: 0.9588 - loss: 1.1694
[1m131/234[0m [32m===========[0m[37m=========[0m [1m2s[0m 25ms/step - accuracy: 0.9588 - loss: 1.1565
[1m133/234[0m [32m===========[0m[37m=========[0m [1m2s[0m 25ms/step - accuracy: 0.9589 - loss: 1.1481
[1m135/234[0m [32m===========[0m[37m=========[0m [1m2s[0m 25ms/step - accuracy: 0.9589 - loss: 1.1398
[1m137/234[0m [32m===========[0m[37m=========[0m [1m2s[0m 25ms/step - accuracy: 0.9589 - loss: 1.1317
[1m140/234[0m [32m===========[0m[37m=========[0m [1m2s[0m 25ms/step - accuracy: 0.9590 - loss: 1.1197
[1m143/234[0m [32m============[0m[37m========[0m [1m2s[0m 25ms/step - accuracy: 0.9590 - loss: 1.1081
[1m146/234[0m [32m============[0m[37m========[0m [1m2s[0m 25ms/step - accuracy: 0.9591 - loss: 1.0969
[1m149/234[0m [32m============[0m[37m========[0m [1m2s[0m 25ms/step - accuracy: 0.9591 - loss: 1.0859
[1m151/234[0m [32m============[0m[37m========[0m [1m2s[0m 25ms/step - accuracy: 0.9592 - loss: 1.0788
[1m154/234[0m [32m=============[0m[37m=======[0m [1m1s[0m 24ms/step - accuracy: 0.9592 - loss: 1.0684
[1m157/234[0m [32m=============[0m[37m=======[0m [1m1s[0m 25ms/step - accuracy: 0.9592 - loss: 1.0583
[1m160/234[0m [32m=============[0m[37m=======[0m [1m1s[0m 25ms/step - accuracy: 0.9593 - loss: 1.0485
[1m163/234[0m [32m=============[0m[37m=======[0m [1m1s[0m 25ms/step - accuracy: 0.9593 - loss: 1.0389
[1m166/234[0m [32m==============[0m[37m======[0m [1m1s[0m 25ms/step - accuracy: 0.9594 - loss: 1.0296
[1m169/234[0m [32m==============[0m[37m======[0m [1m1s[0m 24ms/step - accuracy: 0.9594 - loss: 1.0205
[1m172/234[0m [32m==============[0m[37m======[0m [1m1s[0m 24ms/step - accuracy: 0.9594 - loss: 1.0117
[1m175/234[0m [32m==============[0m[37m======[0m [1m1s[0m 24ms/step - accuracy: 0.9595 - loss: 1.0030
[1m178/234[0m [32m===============[0m[37m=====[0m [1m1s[0m 24ms/step - accuracy: 0.9595 - loss: 0.9946
[1m181/234[0m [32m===============[0m[37m=====[0m [1m1s[0m 25ms/step - accuracy: 0.9595 - loss: 0.9864
[1m184/234[0m [32m===============[0m[37m=====[0m [1m1s[0m 25ms/step - accuracy: 0.9595 - loss: 0.9783
[1m187/234[0m [32m===============[0m[37m=====[0m [1m1s[0m 24ms/step - accuracy: 0.9596 - loss: 0.9705
[1m190/234[0m [32m================[0m[37m====[0m [1m1s[0m 24ms/step - accuracy: 0.9596 - loss: 0.9629
[1m193/234[0m [32m================[0m[37m====[0m [1m1s[0m 24ms/step - accuracy: 0.9596 - loss: 0.9554
[1m196/234[0m [32m================[0m[37m====[0m [1m0s[0m 24ms/step - accuracy: 0.9596 - loss: 0.9482
[1m199/234[0m [32m=================[0m[37m===[0m [1m0s[0m 24ms/step - accuracy: 0.9596 - loss: 0.9411
[1m201/234[0m [32m=================[0m[37m===[0m [1m0s[0m 24ms/step - accuracy: 0.9596 - loss: 0.9364
[1m203/234[0m [32m=================[0m[37m===[0m [1m0s[0m 24ms/step - accuracy: 0.9596 - loss: 0.9318
[1m206/234[0m [32m=================[0m[37m===[0m [1m0s[0m 24ms/step - accuracy: 0.9596 - loss: 0.9251
[1m209/234[0m [32m=================[0m[37m===[0m [1m0s[0m 24ms/step - accuracy: 0.9597 - loss: 0.9185
[1m212/234[0m [32m==================[0m[37m==[0m [1m0s[0m 24ms/step - accuracy: 0.9597 - loss: 0.9130
[1m215/234[0m [32m==================[0m[37m==[0m [1m0s[0m 24ms/step - accuracy: 0.9597 - loss: 0.9095
[1m218/234[0m [32m==================[0m[37m==[0m [1m0s[0m 24ms/step - accuracy: 0.9597 - loss: 0.9061
[1m220/234[0m [32m==================[0m[37m==[0m [1m0s[0m 24ms/step - accuracy: 0.9597 - loss: 0.9038
[1m223/234[0m [32m===================[0m[37m=[0m [1m0s[0m 24ms/step - accuracy: 0.9597 - loss: 0.9003
[1m226/234[0m [32m===================[0m[37m=[0m [1m0s[0m 24ms/step - accuracy: 0.9597 - loss: 0.8969
[1m228/234[0m [32m===================[0m[37m=[0m [1m0s[0m 24ms/step - accuracy: 0.9597 - loss: 0.8946
[1m231/234[0m [32m===================[0m[37m=[0m [1m0s[0m 24ms/step - accuracy: 0.9596 - loss: 0.8912
[1m234/234[0m [32m====================[0m[37m[0m [1m0s[0m 24ms/step - accuracy: 0.9596 - loss: 0.8878
[1m234/234[0m [32m====================[0m[37m[0m [1m6s[0m 27ms/step - accuracy: 0.9563 - loss: 0.6245 - val_accuracy: 0.8882 - val_loss: 0.2644
Epoch 5/12

[1m  1/234[0m [37m====================[0m [1m16s[0m 72ms/step - accuracy: 0.9102 - loss: 0.1045
[1m  3/234[0m [37m====================[0m [1m6s[0m 29ms/step - accuracy: 0.8991 - loss: 0.1463 
[1m  5/234[0m [37m====================[0m [1m6s[0m 29ms/step - accuracy: 0.8971 - loss: 0.1534
[1m  7/234[0m [37m====================[0m [1m6s[0m 30ms/step - accuracy: 0.8966 - loss: 0.1539
[1m  9/234[0m [37m====================[0m [1m6s[0m 29ms/step - accuracy: 0.8966 - loss: 0.1703
[1m 11/234[0m [37m====================[0m [1m6s[0m 30ms/step - accuracy: 0.8966 - loss: 0.1883
[1m 13/234[0m [32m=[0m[37m===================[0m [1m6s[0m 29ms/step - accuracy: 0.8970 - loss: 0.1976
[1m 15/234[0m [32m=[0m[37m===================[0m [1m6s[0m 30ms/step - accuracy: 0.8973 - loss: 0.2025
[1m 17/234[0m [32m=[0m[37m===================[0m [1m6s[0m 30ms/step - accuracy: 0.8974 - loss: 0.2060
[1m 19/234[0m [32m=[0m[37m===================[0m [1m6s[0m 30ms/step - accuracy: 0.8977 - loss: 0.2081
[1m 21/234[0m [32m=[0m[37m===================[0m [1m6s[0m 29ms/step - accuracy: 0.8980 - loss: 0.2091
[1m 23/234[0m [32m=[0m[37m===================[0m [1m6s[0m 30ms/step - accuracy: 0.8985 - loss: 0.2096
[1m 25/234[0m [32m==[0m[37m==================[0m [1m6s[0m 30ms/step - accuracy: 0.8988 - loss: 0.2099
[1m 27/234[0m [32m==[0m[37m==================[0m [1m6s[0m 30ms/step - accuracy: 0.8992 - loss: 0.2099
[1m 29/234[0m [32m==[0m[37m==================[0m [1m6s[0m 30ms/step - accuracy: 0.8996 - loss: 0.2097
[1m 31/234[0m [32m==[0m[37m==================[0m [1m6s[0m 30ms/step - accuracy: 0.9000 - loss: 0.2098
[1m 33/234[0m [32m==[0m[37m==================[0m [1m6s[0m 30ms/step - accuracy: 0.9004 - loss: 0.2107
[1m 35/234[0m [32m==[0m[37m==================[0m [1m5s[0m 30ms/step - accuracy: 0.9008 - loss: 0.2115
[1m 37/234[0m [32m===[0m[37m=================[0m [1m5s[0m 30ms/step - accuracy: 0.9013 - loss: 0.2125
[1m 40/234[0m [32m===[0m[37m=================[0m [1m5s[0m 30ms/step - accuracy: 0.9021 - loss: 0.2146
[1m 42/234[0m [32m===[0m[37m=================[0m [1m5s[0m 30ms/step - accuracy: 0.9027 - loss: 0.2159
[1m 44/234[0m [32m===[0m[37m=================[0m [1m5s[0m 30ms/step - accuracy: 0.9032 - loss: 0.2170
[1m 46/234[0m [32m===[0m[37m=================[0m [1m5s[0m 30ms/step - accuracy: 0.9037 - loss: 0.2178
[1m 48/234[0m [32m====[0m[37m================[0m [1m5s[0m 30ms/step - accuracy: 0.9043 - loss: 0.2187
[1m 50/234[0m [32m====[0m[37m================[0m [1m5s[0m 30ms/step - accuracy: 0.9048 - loss: 0.2196
[1m 52/234[0m [32m====[0m[37m================[0m [1m5s[0m 30ms/step - accuracy: 0.9053 - loss: 0.2205
[1m 54/234[0m [32m====[0m[37m================[0m [1m5s[0m 30ms/step - accuracy: 0.9059 - loss: 0.2211
[1m 56/234[0m [32m====[0m[37m================[0m [1m5s[0m 31ms/step - accuracy: 0.9064 - loss: 0.2216
[1m 58/234[0m [32m====[0m[37m================[0m [1m5s[0m 31ms/step - accuracy: 0.9069 - loss: 0.2220
[1m 60/234[0m [32m=====[0m[37m===============[0m [1m5s[0m 31ms/step - accuracy: 0.9075 - loss: 0.2222
[1m 62/234[0m [32m=====[0m[37m===============[0m [1m5s[0m 31ms/step - accuracy: 0.9080 - loss: 0.2224
[1m 64/234[0m [32m=====[0m[37m===============[0m [1m5s[0m 31ms/step - accuracy: 0.9085 - loss: 0.2225
[1m 66/234[0m [32m=====[0m[37m===============[0m [1m5s[0m 31ms/step - accuracy: 0.9090 - loss: 0.2228
[1m 68/234[0m [32m=====[0m[37m===============[0m [1m5s[0m 31ms/step - accuracy: 0.9095 - loss: 0.2231
[1m 70/234[0m [32m=====[0m[37m===============[0m [1m5s[0m 31ms/step - accuracy: 0.9100 - loss: 0.2233
[1m 72/234[0m [32m======[0m[37m==============[0m [1m4s[0m 31ms/step - accuracy: 0.9105 - loss: 0.2234
[1m 74/234[0m [32m======[0m[37m==============[0m [1m4s[0m 31ms/step - accuracy: 0.9110 - loss: 0.2236
[1m 76/234[0m [32m======[0m[37m==============[0m [1m4s[0m 31ms/step - accuracy: 0.9115 - loss: 0.2237
[1m 78/234[0m [32m======[0m[37m==============[0m [1m4s[0m 31ms/step - accuracy: 0.9120 - loss: 0.2238
[1m 80/234[0m [32m======[0m[37m==============[0m [1m4s[0m 31ms/step - accuracy: 0.9125 - loss: 0.2241
[1m 83/234[0m [32m=======[0m[37m=============[0m [1m4s[0m 31ms/step - accuracy: 0.9131 - loss: 0.2243
[1m 85/234[0m [32m=======[0m[37m=============[0m [1m4s[0m 31ms/step - accuracy: 0.9136 - loss: 0.2245
[1m 88/234[0m [32m=======[0m[37m=============[0m [1m4s[0m 31ms/step - accuracy: 0.9143 - loss: 0.2249
[1m 91/234[0m [32m=======[0m[37m=============[0m [1m4s[0m 30ms/step - accuracy: 0.9150 - loss: 0.2256
[1m 94/234[0m [32m========[0m[37m============[0m [1m4s[0m 30ms/step - accuracy: 0.9156 - loss: 0.2262
[1m 97/234[0m [32m========[0m[37m============[0m [1m4s[0m 30ms/step - accuracy: 0.9162 - loss: 0.2267
[1m100/234[0m [32m========[0m[37m============[0m [1m3s[0m 30ms/step - accuracy: 0.9169 - loss: 0.2271
[1m102/234[0m [32m========[0m[37m============[0m [1m3s[0m 30ms/step - accuracy: 0.9173 - loss: 0.2273
[1m105/234[0m [32m========[0m[37m============[0m [1m3s[0m 30ms/step - accuracy: 0.9179 - loss: 0.2275
[1m108/234[0m [32m=========[0m[37m===========[0m [1m3s[0m 29ms/step - accuracy: 0.9184 - loss: 0.2277
[1m111/234[0m [32m=========[0m[37m===========[0m [1m3s[0m 29ms/step - accuracy: 0.9190 - loss: 0.2277
[1m114/234[0m [32m=========[0m[37m===========[0m [1m3s[0m 29ms/step - accuracy: 0.9196 - loss: 0.2277
[1m117/234[0m [32m==========[0m[37m==========[0m [1m3s[0m 29ms/step - accuracy: 0.9201 - loss: 0.2277
[1m120/234[0m [32m==========[0m[37m==========[0m [1m3s[0m 29ms/step - accuracy: 0.9206 - loss: 0.2277
[1m123/234[0m [32m==========[0m[37m==========[0m [1m3s[0m 29ms/step - accuracy: 0.9212 - loss: 0.2279
[1m126/234[0m [32m==========[0m[37m==========[0m [1m3s[0m 28ms/step - accuracy: 0.9217 - loss: 0.2281
[1m129/234[0m [32m===========[0m[37m=========[0m [1m2s[0m 28ms/step - accuracy: 0.9221 - loss: 0.2283
[1m131/234[0m [32m===========[0m[37m=========[0m [1m2s[0m 28ms/step - accuracy: 0.9225 - loss: 0.2284
[1m134/234[0m [32m===========[0m[37m=========[0m [1m2s[0m 28ms/step - accuracy: 0.9229 - loss: 0.2286
[1m137/234[0m [32m===========[0m[37m=========[0m [1m2s[0m 28ms/step - accuracy: 0.9234 - loss: 0.2288
[1m139/234[0m [32m===========[0m[37m=========[0m [1m2s[0m 28ms/step - accuracy: 0.9237 - loss: 0.2289
[1m142/234[0m [32m============[0m[37m========[0m [1m2s[0m 28ms/step - accuracy: 0.9241 - loss: 0.2290
[1m144/234[0m [32m============[0m[37m========[0m [1m2s[0m 28ms/step - accuracy: 0.9244 - loss: 0.2291
[1m147/234[0m [32m============[0m[37m========[0m [1m2s[0m 28ms/step - accuracy: 0.9249 - loss: 0.2292
[1m150/234[0m [32m============[0m[37m========[0m [1m2s[0m 28ms/step - accuracy: 0.9253 - loss: 0.2293
[1m152/234[0m [32m============[0m[37m========[0m [1m2s[0m 28ms/step - accuracy: 0.9255 - loss: 0.2293
[1m155/234[0m [32m=============[0m[37m=======[0m [1m2s[0m 28ms/step - accuracy: 0.9259 - loss: 0.2294
[1m157/234[0m [32m=============[0m[37m=======[0m [1m2s[0m 28ms/step - accuracy: 0.9262 - loss: 0.2294
[1m160/234[0m [32m=============[0m[37m=======[0m [1m2s[0m 28ms/step - accuracy: 0.9266 - loss: 0.2294
[1m163/234[0m [32m=============[0m[37m=======[0m [1m1s[0m 28ms/step - accuracy: 0.9269 - loss: 0.2293
[1m165/234[0m [32m==============[0m[37m======[0m [1m1s[0m 28ms/step - accuracy: 0.9272 - loss: 0.2293
[1m168/234[0m [32m==============[0m[37m======[0m [1m1s[0m 28ms/step - accuracy: 0.9276 - loss: 0.2293
[1m171/234[0m [32m==============[0m[37m======[0m [1m1s[0m 28ms/step - accuracy: 0.9279 - loss: 0.2292
[1m174/234[0m [32m==============[0m[37m======[0m [1m1s[0m 27ms/step - accuracy: 0.9283 - loss: 0.2292
[1m176/234[0m [32m===============[0m[37m=====[0m [1m1s[0m 27ms/step - accuracy: 0.9285 - loss: 0.2291
[1m179/234[0m [32m===============[0m[37m=====[0m [1m1s[0m 27ms/step - accuracy: 0.9288 - loss: 0.2290
[1m181/234[0m [32m===============[0m[37m=====[0m [1m1s[0m 27ms/step - accuracy: 0.9290 - loss: 0.2290
[1m184/234[0m [32m===============[0m[37m=====[0m [1m1s[0m 27ms/step - accuracy: 0.9294 - loss: 0.2290
[1m186/234[0m [32m===============[0m[37m=====[0m [1m1s[0m 27ms/step - accuracy: 0.9296 - loss: 0.2290
[1m189/234[0m [32m================[0m[37m====[0m [1m1s[0m 27ms/step - accuracy: 0.9299 - loss: 0.2322
[1m192/234[0m [32m================[0m[37m====[0m [1m1s[0m 27ms/step - accuracy: 0.9302 - loss: 0.2358
[1m195/234[0m [32m================[0m[37m====[0m [1m1s[0m 27ms/step - accuracy: 0.9305 - loss: 0.2406
[1m197/234[0m [32m================[0m[37m====[0m [1m1s[0m 27ms/step - accuracy: 0.9306 - loss: 0.2437
[1m200/234[0m [32m=================[0m[37m===[0m [1m0s[0m 27ms/step - accuracy: 0.9309 - loss: 0.2482
[1m202/234[0m [32m=================[0m[37m===[0m [1m0s[0m 27ms/step - accuracy: 0.9311 - loss: 0.2511
[1m204/234[0m [32m=================[0m[37m===[0m [1m0s[0m 27ms/step - accuracy: 0.9312 - loss: 0.2540
[1m206/234[0m [32m=================[0m[37m===[0m [1m0s[0m 27ms/step - accuracy: 0.9314 - loss: 0.2569
[1m209/234[0m [32m=================[0m[37m===[0m [1m0s[0m 27ms/step - accuracy: 0.9316 - loss: 0.2610
[1m212/234[0m [32m==================[0m[37m==[0m [1m0s[0m 27ms/step - accuracy: 0.9318 - loss: 0.2650
[1m214/234[0m [32m==================[0m[37m==[0m [1m0s[0m 27ms/step - accuracy: 0.9319 - loss: 0.2676
[1m216/234[0m [32m==================[0m[37m==[0m [1m0s[0m 27ms/step - accuracy: 0.9320 - loss: 0.2701
[1m219/234[0m [32m==================[0m[37m==[0m [1m0s[0m 27ms/step - accuracy: 0.9321 - loss: 0.2737
[1m221/234[0m [32m==================[0m[37m==[0m [1m0s[0m 27ms/step - accuracy: 0.9322 - loss: 0.2761
[1m224/234[0m [32m===================[0m[37m=[0m [1m0s[0m 27ms/step - accuracy: 0.9323 - loss: 0.2795
[1m226/234[0m [32m===================[0m[37m=[0m [1m0s[0m 27ms/step - accuracy: 0.9324 - loss: 0.2817
[1m228/234[0m [32m===================[0m[37m=[0m [1m0s[0m 27ms/step - accuracy: 0.9325 - loss: 0.2839
[1m230/234[0m [32m===================[0m[37m=[0m [1m0s[0m 27ms/step - accuracy: 0.9325 - loss: 0.2860
[1m233/234[0m [32m===================[0m[37m=[0m [1m0s[0m 27ms/step - accuracy: 0.9326 - loss: 0.2890
[1m234/234[0m [32m====================[0m[37m[0m [1m7s[0m 30ms/step - accuracy: 0.9396 - loss: 0.5237 - val_accuracy: 0.9069 - val_loss: 0.2064
Calibrating anomaly threshold and evaluating models...
Calibrating hybrid risk fusion (Autoencoder anomaly score + BiLSTM confidence)...
Warning: these categories have fewer than 200 raw samples and their per-class metrics should be treated as indicative only, not reliable: {'Data Exfiltration': 36}
Saved artifacts to E:\NetShield_AI\NetShieldAI1\artifacts
Saved metrics to E:\NetShield_AI\NetShieldAI1\reports\training_metrics.json
BiLSTM grouped-category test accuracy: 0.9583
Autoencoder anomaly threshold: 0.834375
Hybrid risk fusion: {'Low': 12697, 'Medium': 917, 'High': 6669} (FPR=0.0984, FNR=0.4643)
